dataset	path	size	checksum	url
e3	ground_truth/TC_Ground_Truth_Report_E3_Update.pdf	1258337	sha256:021fc642e18544fdcc7bf0a79e2b5aae001f5717d3adbce16744b68934523599	https://drive.usercontent.google.com/download?id=1mrs4LWkGk-3zA7t7v8zrhm0yEDHe57QU&export=download&confirm=t
e3	schema/cdm.pdf	70461	sha256:d1914b796ab32aaf0f1ccc1b113c4c82ba657f19520df7affdd8351230d58644	https://drive.usercontent.google.com/download?id=15FGTHmOYcBrJka41SfPEy5-fQaoH1s88&export=download&confirm=t
e3	schema/CDM18-dot-model.pdf	33695	sha256:9190e5b927c5bb7261968b537fce0d112b35f94d78fa3c2c63850493599f1b46	https://drive.usercontent.google.com/download?id=1C3OBjqvHcvaULGlyg-Mtl8Ldb0guLluG&export=download&confirm=t
e3	schema/CDM18.avdl	45945	sha256:6c82a0c911ec186d6a21541340e120900bd7682d487a78af038a84d0ba9cb786	https://drive.usercontent.google.com/download?id=1zVKApkZwuPsk3y8BnR1bWTqze929y1qp&export=download&confirm=t
e3	schema/TCCDMDatum.avsc	43980	sha256:a049c8f76c5f4311e7d73bca73cf22afe6eda655bf581f84ce4205ea6d2f1122	https://drive.usercontent.google.com/download?id=1oGMbSIZ73lh0xs8PUg--3Bj_wtC1q85-&export=download&confirm=t
e3	source/operational_event_log.md	13147	sha256:9b9f38dcb1984c243f1c64f993e0843429c0a38eb2b5f9ab50d0eab46d5ecbf8	https://drive.usercontent.google.com/download?id=1mnx73nb0KMX4EbgSiBLu0tkKrQ34P96H&export=download&confirm=t
e3	source/README-E3.md	9993	sha256:441be7b5f8781efc48e22f671b3efe1fff380879390dd85788af46d95b77bbb1	https://raw.githubusercontent.com/darpa-i2o/Transparent-Computing/244ae2401032ce92ac3b72f49b8039cae67d60d6/README-E3.md
e5	ground_truth/TA51_Final_report_E5.docx	2297885	sha256:0d7bcbafe92232a3c039afd9b7a8665ef7b21a1a36d0fc3a84b559174825edc6	https://drive.usercontent.google.com/download?id=1ihJmGUnWSofgXzwePSdZz9N-lashOZVt&export=download&confirm=t
e5	ground_truth/TA51_Final_report_E5.pdf	3457780	sha256:95785dd6e32e1585e3a3b49f7f69aac785ca9d2db05593ad919b1b627897f0a1	https://drive.usercontent.google.com/download?id=1cc3C5JW-Kn-VdXqeBGwvHBKSdR_YmSGj&export=download&confirm=t
e5	schema/cdm.pdf	77763	sha256:c7b13a84999e1b77bf7c9c1d647ebab42f388d7e0ffa7ef5269e0c908ce74b2c	https://drive.usercontent.google.com/download?id=1bhkU9My_MkuSl_MymRPofKslkdkcZ-Yw&export=download&confirm=t
e5	schema/CDM20.avdl	53312	sha256:cb17265a7b36a148ebff35aa764c2f0e0b4acc2b0acdab2b3a3dfcea4913397f	https://drive.usercontent.google.com/download?id=12_rZEiaPLQmFfnu0YUeMFMcqHxJWAg_D&export=download&confirm=t
e5	schema/TCCDMDatum.avsc	51115	sha256:f5a36712da9d8416f21b53a9fb6b375e4850475a8a7412901073ff139348fb11	https://drive.usercontent.google.com/download?id=1JoKnioAUU5hzuqY2Umfx526AryyVKXLS&export=download&confirm=t
e5	source/Engagement-5-Event-Log.md	16894	sha256:70b111fff7bc4662d4c22664be19c4c08702a36676f31f160d4b3a856ee5c3c9	https://drive.usercontent.google.com/download?id=1DnC4ZkQQ2wKBbG0Qvg28QGFAKVm80-qG&export=download&confirm=t
e5	source/README.md	8766	sha256:176c5fb6684f63718d8e169948711c87a1f51a5e852b0a1882e87301a192db43	https://raw.githubusercontent.com/darpa-i2o/Transparent-Computing/244ae2401032ce92ac3b72f49b8039cae67d60d6/README.md
tc-e3-cadets	data/ta1-cadets-e3-official-1.bin.tar.gz	635185416		https://drive.usercontent.google.com/download?id=1sIpBepnKw0kz4yZviUD_dPZWz0EAfrAS&export=download&confirm=t
tc-e3-cadets	data/ta1-cadets-e3-official-2.bin.tar.gz	240058250		https://drive.usercontent.google.com/download?id=159Enm1TChO9nUvUE2UhcAlZH5nv9CZ2e&export=download&confirm=t
tc-e3-cadets	data/ta1-cadets-e3-official.bin.tar.gz	394276760		https://drive.usercontent.google.com/download?id=1DpyVpK9JWNlXzhlzzeuKO_gD8BSosn--&export=download&confirm=t
tc-e3-fivedirections	data/ta1-fivedirections-e3-official-2.bin.tar.gz	8698683554		https://drive.usercontent.google.com/download?id=1IHlz1s94ckTSaVWw9iyTeQ8-e6NNZDLq&export=download&confirm=t
tc-e3-fivedirections	data/ta1-fivedirections-e3-official-3.bin.tar.gz	156756287		https://drive.usercontent.google.com/download?id=1s5AgodIRlcp7bD-sRQzKpi6VFvNOk1GH&export=download&confirm=t
tc-e3-fivedirections	data/ta1-fivedirections-e3-official.bin.tar.gz	677971101		https://drive.usercontent.google.com/download?id=1JnoL7X2h1JIciox9OXPCXivBQVZAZXZy&export=download&confirm=t
tc-e3-theia	data/ta1-theia-e3-official-1r.bin.tar.gz	826486179		https://drive.usercontent.google.com/download?id=1yksk4I9DBnl0Tca_Y0eaiNcpRNccB9sF&export=download&confirm=t
tc-e3-theia	data/ta1-theia-e3-official-3.bin.tar.gz	27574561		https://drive.usercontent.google.com/download?id=10KZG-8ET9CRG9qc8OmEQMaCgf6uSEylD&export=download&confirm=t
tc-e3-theia	data/ta1-theia-e3-official-5m.bin.tar.gz	20501876		https://drive.usercontent.google.com/download?id=1krhA9Rco7W5hZG6md3TqB1aH2FOjxBn3&export=download&confirm=t
tc-e3-theia	data/ta1-theia-e3-official-6r.bin.tar.gz	1117590159		https://drive.usercontent.google.com/download?id=13rgPgHunDV1dSNX9U8bSOem56StlUmqF&export=download&confirm=t
tc-e3-trace	data/ta1-trace-e3-official-1.bin.tar.gz	844532523		https://drive.usercontent.google.com/download?id=1N7qMHTRKJRyg7TkalORb48TrXDZTK8lY&export=download&confirm=t
tc-e3-trace	data/ta1-trace-e3-official.bin.tar.gz	25076922310		https://drive.usercontent.google.com/download?id=1HyJ8du-nJcls91Yz1jDSMIJJ_ih6n_Ui&export=download&confirm=t
tc-e5-cadets	source/bins.md5sum	8672	sha256:68bf93b4400fba94157a5c8386ba6d17eff7fb9706770e967ae9bc7551f088cf	https://drive.usercontent.google.com/download?id=1Sx_RlG_QNvj3NxQlIDCVzpik1OYwQhKo&export=download&confirm=t
tc-e5-cadets	data/ta1-cadets-1-e5-official-2.bin.1.gz	296577011	md5:2a19bcaf9b0d91483e3c7955067fec07	https://drive.usercontent.google.com/download?id=15MMW4m1rZjXtiHT7lSP__UfRLw6TJQ9W&export=download&confirm=t
tc-e5-cadets	data/ta1-cadets-1-e5-official-2.bin.10.gz	283548263	md5:2aaf77b4eaab98c407f4cabae9eb4c03	https://drive.usercontent.google.com/download?id=14MAZVwoUWvK3bqleO0iOHoFoP6ue3P2r&export=download&confirm=t
tc-e5-cadets	data/ta1-cadets-1-e5-official-2.bin.100.gz		md5:ffd1e82093d02c4d7ca54a4cf6b9c5e2	https://drive.usercontent.google.com/download?id=1324RNbP7pz8BHAt_ei0uqv16QgkKnIA6&export=download&confirm=t
tc-e5-cadets	data/ta1-cadets-1-e5-official-2.bin.101.gz		md5:bef0e0de0c73b9eee1a6e5aae3e2ba9c	https://drive.usercontent.google.com/download?id=1fNdK_2JRjMRQfwvQKiGzgYitJnOe9xAU&export=download&confirm=t
tc-e5-cadets	data/ta1-cadets-1-e5-official-2.bin.102.gz		md5:2e737f189819e0cec7bac759397c4449	https://drive.usercontent.google.com/download?id=1omb3R756XH0-q66eDgN9Ffz1YT_d7Tdu&export=download&confirm=t
tc-e5-cadets	data/ta1-cadets-1-e5-official-2.bin.103.gz		md5:5e7fa6ed43c05f262ca6ec7be5f35898	https://drive.usercontent.google.com/download?id=1cQG0slYQmXX00zBP8PJqBn8xxABYKTMe&export=download&confirm=t
tc-e5-cadets	data/ta1-cadets-1-e5-official-2.bin.104.gz		md5:64e09e9af965893c7dd1c7772d3b782a	https://drive.usercontent.google.com/download?id=1muT-ZoR9fsoY79Yey0s8jXk9_IdwRSYB&export=download&confirm=t
tc-e5-cadets	data/ta1-cadets-1-e5-official-2.bin.105.gz		md5:4772e615ea159e26e9faecaedff95bf5	https://drive.usercontent.google.com/download?id=1DjBEeoRS_96K6ni6l71Au8xjRce6n50b&export=download&confirm=t
tc-e5-cadets	data/ta1-cadets-1-e5-official-2.bin.106.gz		md5:f21555c9d1fdfdcf9d2b2b35cd967ec3	https://drive.usercontent.google.com/download?id=1zBdMjcseHx1jPr0sCKIZZZvV4iYhtSvC&export=download&confirm=t
tc-e5-cadets	data/ta1-cadets-1-e5-official-2.bin.107.gz		md5:37652c48607b0761e7912443dd99ef0a	https://drive.usercontent.google.com/download?id=1saHm3qXcT_q2UOTLc1HMzz7eAu36eq43&export=download&confirm=t
tc-e5-cadets	data/ta1-cadets-1-e5-official-2.bin.108.gz		md5:2560d4d247b14b2dded24952f4605a23	https://drive.usercontent.google.com/download?id=1TYNbKlwKwP8QPqqDqwQwyRp4VPdFkdFh&export=download&confirm=t
tc-e5-cadets	data/ta1-cadets-1-e5-official-2.bin.109.gz		md5:902d90012affc8b7a9c6bf91cd0456d2	https://drive.usercontent.google.com/download?id=1CcD18h3H5KiSsRVRUFK_OBuHxJip0pss&export=download&confirm=t
tc-e5-cadets	data/ta1-cadets-1-e5-official-2.bin.11.gz	289300240	md5:890a3f9ca6355cba6e75869be2a513db	https://drive.usercontent.google.com/download?id=11OPPJXiHEVwH9QSw9Kft08_muqQUUl4H&export=download&confirm=t
tc-e5-cadets	data/ta1-cadets-1-e5-official-2.bin.110.gz		md5:4e408349464c798dca09dc557945d4c0	https://drive.usercontent.google.com/download?id=1wUsUuPQ4Cg9Kmuv-WPa_nGalQxAg_doH&export=download&confirm=t
tc-e5-cadets	data/ta1-cadets-1-e5-official-2.bin.111.gz		md5:a75f99d4ea6b6cf8b9e4ffdca33ce543	https://drive.usercontent.google.com/download?id=1hwRy7fYjgYg_XUf1RD1eAAZLyvwGD1S2&export=download&confirm=t
tc-e5-cadets	data/ta1-cadets-1-e5-official-2.bin.112.gz		md5:0f3ec8f40a47ec12a5a95b9ca6f3228e	https://drive.usercontent.google.com/download?id=1JBxWccAoZQMh_I89RaR9aPjGE5m4XL9A&export=download&confirm=t
tc-e5-cadets	data/ta1-cadets-1-e5-official-2.bin.113.gz		md5:15f2b142ed7cba6082edeec21cc427d5	https://drive.usercontent.google.com/download?id=12tG6umz1WuIAqxhU_Pp70WgH_Kqy06ra&export=download&confirm=t
tc-e5-cadets	data/ta1-cadets-1-e5-official-2.bin.114.gz		md5:359c4ba6fc42be83cc75c6c49b087004	https://drive.usercontent.google.com/download?id=1qpBAjsX8Pg2uGh5MetFUVALB3d6RAwuA&export=download&confirm=t
tc-e5-cadets	data/ta1-cadets-1-e5-official-2.bin.115.gz		md5:69886da887355a8179d680bf82d06f7d	https://drive.usercontent.google.com/download?id=1RMz7KpclPD0MfadN1qp9Bnqv-7L__Ytk&export=download&confirm=t
tc-e5-cadets	data/ta1-cadets-1-e5-official-2.bin.116.gz		md5:6c349df7b24b818669dcfa716def3837	https://drive.usercontent.google.com/download?id=1GDBxhbHuVcYtyzfH-CbWgCP_1vN1Te7K&export=download&confirm=t
tc-e5-cadets	data/ta1-cadets-1-e5-official-2.bin.117.gz		md5:7b8c459723e22fd2686ad300882f989b	https://drive.usercontent.google.com/download?id=1YNCFY3581mie00rd4hXDd2rgPZWSKwQc&export=download&confirm=t
tc-e5-cadets	data/ta1-cadets-1-e5-official-2.bin.118.gz		md5:4a44a86838f784bf89123bd452f33f43	https://drive.usercontent.google.com/download?id=12ooWPodUZAymSJVAJuKtcjKYUOOOzF2R&export=download&confirm=t
tc-e5-cadets	data/ta1-cadets-1-e5-official-2.bin.119.gz		md5:b529c6c57549faa2b4f03a1547bddac4	https://drive.usercontent.google.com/download?id=1XFxf45vn0jNGMOWULZw03dzQiUKKIQZD&export=download&confirm=t
tc-e5-cadets	data/ta1-cadets-1-e5-official-2.bin.12.gz	277400561	md5:cb65d3c6243edcaf17f935fcaf23afde	https://drive.usercontent.google.com/download?id=1CmWeiZDviSfYpHMG8I26k8ot-SH4p02P&export=download&confirm=t
tc-e5-cadets	data/ta1-cadets-1-e5-official-2.bin.120.gz		md5:09e6d64ac074582833eee1ab3cb2a34a	https://drive.usercontent.google.com/download?id=1Z6khUpjmM0ALlX9HJ13jcCV_riO7q2-Y&export=download&confirm=t
tc-e5-cadets	data/ta1-cadets-1-e5-official-2.bin.121.gz		md5:a3273bd11239966a0d1a304a15c34a5d	https://drive.usercontent.google.com/download?id=1-4hPc1q4nthX22bqhvIzoyssTo-gFB-I&export=download&confirm=t
tc-e5-cadets	data/ta1-cadets-1-e5-official-2.bin.13.gz	270343472	md5:5144ea94c4c1c9a43adfd79864e8db37	https://drive.usercontent.google.com/download?id=1j37sIRyrVbGyrz-kUtXThckuetcd0NyH&export=download&confirm=t
tc-e5-cadets	data/ta1-cadets-1-e5-official-2.bin.14.gz	279604248	md5:7bc672014f908212463db6382b41b2f1	https://drive.usercontent.google.com/download?id=1hpNqRWgJCnM55B6wsS-oYzfQ1HBWZD9w&export=download&confirm=t
tc-e5-cadets	data/ta1-cadets-1-e5-official-2.bin.15.gz	278058324	md5:301c24ddf269912bca43a203bd0f2a8d	https://drive.usercontent.google.com/download?id=1sLVe4y1WcQAET30KC5BXL2vz4-lU5LFO&export=download&confirm=t
tc-e5-cadets	data/ta1-cadets-1-e5-official-2.bin.16.gz	287491161	md5:423e97e47e3d34cc6c6ee294df41b577	https://drive.usercontent.google.com/download?id=1Dt_lHNnbtVOViUKqZvM7p5rrGLdb4vUa&export=download&confirm=t
tc-e5-cadets	data/ta1-cadets-1-e5-official-2.bin.17.gz	297538357	md5:ae6f6ca492a905ad8ec2581ae9768d42	https://drive.usercontent.google.com/download?id=1ZZIZD8TVPKjGnuPJPsJNlZ6u742Gk0lq&export=download&confirm=t
tc-e5-cadets	data/ta1-cadets-1-e5-official-2.bin.18.gz	302393978	md5:ed2c3de3e2448840d40c2a060d336254	https://drive.usercontent.google.com/download?id=1MeNfyb-K7PEthdmpHDPQMaNA9DbscMoS&export=download&confirm=t
tc-e5-cadets	data/ta1-cadets-1-e5-official-2.bin.19.gz	302212777	md5:0ca22fa7eca1d7969a91637de3724990	https://drive.usercontent.google.com/download?id=1U5xLdJnBcXWUa6YQ0hJiXZysFgpe2l7t&export=download&confirm=t
tc-e5-cadets	data/ta1-cadets-1-e5-official-2.bin.2.gz	289019603	md5:6c8dd8d84a728f3502a8eee98143cc4f	https://drive.usercontent.google.com/download?id=1ci2iMhPeXQGYLwYce6osL53-ZC1znSeQ&export=download&confirm=t
tc-e5-cadets	data/ta1-cadets-1-e5-official-2.bin.20.gz	300251208	md5:b8a5b8a3445c70d42b678424572c6de4	https://drive.usercontent.google.com/download?id=14y23e4ohhm_LY-JmXDIsb0kcCnSSuzzE&export=download&confirm=t
tc-e5-cadets	data/ta1-cadets-1-e5-official-2.bin.21.gz	271860985	md5:9212c35bbeb8f58b93aeb0c8d0d5ef53	https://drive.usercontent.google.com/download?id=1nxFq1T96c1lu_eOzESIWSIik_1ZJJtQg&export=download&confirm=t
tc-e5-cadets	data/ta1-cadets-1-e5-official-2.bin.22.gz	278653626	md5:66f1c63fbc6b2ef32d63c7244c0563e0	https://drive.usercontent.google.com/download?id=1qUMoAEa4lKpo3wtp2qUS76YtVE0COoT0&export=download&confirm=t
tc-e5-cadets	data/ta1-cadets-1-e5-official-2.bin.23.gz	291167278	md5:795bbb2d8f6055e0ec98e59c3e6299db	https://drive.usercontent.google.com/download?id=15wGzDHLJYiIEgwuszU7ue40qDTco9gol&export=download&confirm=t
tc-e5-cadets	data/ta1-cadets-1-e5-official-2.bin.24.gz	278406105	md5:f927fff32dfa0d0122fee1e7c4d64f95	https://drive.usercontent.google.com/download?id=1pI-Xzta4Ds6O-pxSQ4kRbb-GBhL_flhm&export=download&confirm=t
tc-e5-cadets	data/ta1-cadets-1-e5-official-2.bin.25.gz	281355208	md5:7dbf88afb1a3693f8a7f314b84dda668	https://drive.usercontent.google.com/download?id=1rxpeEhs0ri15MfYmbuytrxs0Zj8FVa0u&export=download&confirm=t
tc-e5-cadets	data/ta1-cadets-1-e5-official-2.bin.26.gz	283194593	md5:1754c41a8fda46f81d563ec27fba910f	https://drive.usercontent.google.com/download?id=1TIXZj43BbGeW5w7Gc5fFMZJXQm8gWijw&export=download&confirm=t
tc-e5-cadets	data/ta1-cadets-1-e5-official-2.bin.27.gz	254599922	md5:6e7adb7ba85207342b045c4854951236	https://drive.usercontent.google.com/download?id=1LtvJvfqhFyRp9pjp0bFqBdJfb89KmlHq&export=download&confirm=t
tc-e5-cadets	data/ta1-cadets-1-e5-official-2.bin.28.gz	284578309	md5:6a8029896905720d8ab6b40aa76a05ac	https://drive.usercontent.google.com/download?id=1-NgBUKixf8WNkKuFPdNC2KlNxruJd4qo&export=download&confirm=t
tc-e5-cadets	data/ta1-cadets-1-e5-official-2.bin.29.gz	288028867	md5:31e290d79de970d686e7dab4cac4dc50	https://drive.usercontent.google.com/download?id=1bDzl88um1Tb9dtJSKCkovZ0sz4YtawbL&export=download&confirm=t
tc-e5-cadets	data/ta1-cadets-1-e5-official-2.bin.3.gz	278769830	md5:74be7797e3b0f0c962937e4adb411b5d	https://drive.usercontent.google.com/download?id=1Fp5fafXWbEWuIT1xNGmmMaRzxWEbQs9E&export=download&confirm=t
tc-e5-cadets	data/ta1-cadets-1-e5-official-2.bin.30.gz	290508387	md5:c5813c71b82ef71d1275e040f33e057f	https://drive.usercontent.google.com/download?id=1rV_adAbsNCkpoi2Dx2otqoA0aFR1Ru_V&export=download&confirm=t
tc-e5-cadets	data/ta1-cadets-1-e5-official-2.bin.31.gz	290804422	md5:597750166f882c0ae825e5d272c52140	https://drive.usercontent.google.com/download?id=1lWRLquKJDvDIlJ7puxBhJ6dGFVJ6GRLP&export=download&confirm=t
tc-e5-cadets	data/ta1-cadets-1-e5-official-2.bin.32.gz	288960613	md5:9e36626deecf138622cb3d838e2d2e59	https://drive.usercontent.google.com/download?id=1swT0zjAryH0K6wpLxVK-Bm1dT9ESye-5&export=download&confirm=t
tc-e5-cadets	data/ta1-cadets-1-e5-official-2.bin.33.gz	285821132	md5:4e4bb80d802cc2b76cf97aa46d211735	https://drive.usercontent.google.com/download?id=1oa0vYDms50nAgq0CJbJfBVQPAPML9N5q&export=download&confirm=t
tc-e5-cadets	data/ta1-cadets-1-e5-official-2.bin.34.gz	295382686	md5:472b84fcc91a236ea638bf29fae7d7e0	https://drive.usercontent.google.com/download?id=1iirpg5PhptLtUdEjybgvnXY3mCofVD3W&export=download&confirm=t
tc-e5-cadets	data/ta1-cadets-1-e5-official-2.bin.35.gz	296676297	md5:20245935d3a9d7aea2e54846437054c7	https://drive.usercontent.google.com/download?id=1c4DRPerFyRtjLQIM7uowGpcLcXGiwvT8&export=download&confirm=t
tc-e5-cadets	data/ta1-cadets-1-e5-official-2.bin.36.gz	279446024	md5:ec06a76b27928764a8a0b903ba6ad120	https://drive.usercontent.google.com/download?id=1Wt1hxEu7EyNuKQaTlEhpcpn4cTpnAL2r&export=download&confirm=t
tc-e5-cadets	data/ta1-cadets-1-e5-official-2.bin.37.gz	258948279	md5:487dc9410308254d27ab1a8655d3e3ce	https://drive.usercontent.google.com/download?id=1tFMzzT-Nvh0Ma8MUEX5adG883InpFxMo&export=download&confirm=t
tc-e5-cadets	data/ta1-cadets-1-e5-official-2.bin.38.gz	285120606	md5:5b6a3738effc3167739bb76b14b741e0	https://drive.usercontent.google.com/download?id=1SK5EqwSjjGO_WJ-KU619qbmWz4zDIaCH&export=download&confirm=t
tc-e5-cadets	data/ta1-cadets-1-e5-official-2.bin.39.gz	282745787	md5:59f9e14501e4bc254ddaa9256d4a4801	https://drive.usercontent.google.com/download?id=18h1EVeY0AxuKNdv5YIgyeKfVlPYFMj4k&export=download&confirm=t
tc-e5-cadets	data/ta1-cadets-1-e5-official-2.bin.4.gz	290123924	md5:4406cf51f2ac8d4ab0fd0e3c01d107f8	https://drive.usercontent.google.com/download?id=1F4-jZ4F-6-4gG11h8G6HUj9D_Cw-yc7V&export=download&confirm=t
tc-e5-cadets	data/ta1-cadets-1-e5-official-2.bin.40.gz	285314705	md5:d3236b00b971380dce3efb4d4a349ad9	https://drive.usercontent.google.com/download?id=11P6dCXRpqUDLRfLzK5AXM7-DRJvblWyt&export=download&confirm=t
tc-e5-cadets	data/ta1-cadets-1-e5-official-2.bin.41.gz	291635606	md5:e79e168c5adb7e8d6c0e64fe301bf8de	https://drive.usercontent.google.com/download?id=127gZwBYxoCmme5v_bSwvKji5TIKnr9bh&export=download&confirm=t
tc-e5-cadets	data/ta1-cadets-1-e5-official-2.bin.42.gz	295406503	md5:254cfbf5d8adc9951da9dd2292a92805	https://drive.usercontent.google.com/download?id=10XvwTbgjofxZl-EkYsEMjKCJEQXoQhcC&export=download&confirm=t
tc-e5-cadets	data/ta1-cadets-1-e5-official-2.bin.43.gz	293082886	md5:d456a59cfe7dc1812a65091cc456149f	https://drive.usercontent.google.com/download?id=1hFHuSw973zR8fPoTOip1XqigiywIKPO8&export=download&confirm=t
tc-e5-cadets	data/ta1-cadets-1-e5-official-2.bin.44.gz	289304456	md5:d264cbe5184d340e4ddc525cf2dd0310	https://drive.usercontent.google.com/download?id=1qnl5jBp8b_r11IV1tmnEYGUNkEsJ_-g0&export=download&confirm=t
tc-e5-cadets	data/ta1-cadets-1-e5-official-2.bin.45.gz	292464019	md5:4eed05113e45c8a42e6528d3331f4615	https://drive.usercontent.google.com/download?id=1wbRuDvcIyaJbLKuhrTF-ZYUh75XkdYpW&export=download&confirm=t
tc-e5-cadets	data/ta1-cadets-1-e5-official-2.bin.46.gz	277803908	md5:fd983346cd8b51f83c1d14d74aab5564	https://drive.usercontent.google.com/download?id=1ApE2r1Ro6_Mbn70p0J_0aFhe8g0q4F1L&export=download&confirm=t
tc-e5-cadets	data/ta1-cadets-1-e5-official-2.bin.47.gz	283658925	md5:658a24ad7d7ccc46f645d84bd108d96d	https://drive.usercontent.google.com/download?id=1O3O0zPg2bJUHSqmlQitNy5LLZmzpUEoU&export=download&confirm=t
tc-e5-cadets	data/ta1-cadets-1-e5-official-2.bin.48.gz	288876983	md5:14ec7c9aa19babaa0ff773aa5fda813b	https://drive.usercontent.google.com/download?id=1RyMtc6uOOtVKaOROnI8ZOpE7TS5RAKIC&export=download&confirm=t
tc-e5-cadets	data/ta1-cadets-1-e5-official-2.bin.49.gz	282782951	md5:ab15b09da64a98dde114a5540247af65	https://drive.usercontent.google.com/download?id=1552hOYIgp_N4TPVgKPqbR8BepXi1-SUV&export=download&confirm=t
tc-e5-cadets	data/ta1-cadets-1-e5-official-2.bin.5.gz	278763081	md5:b4528fd759d8e8a46529715ed90b3f95	https://drive.usercontent.google.com/download?id=1S89q5ERL5aoe1tIdll8gixcjqG9s4hvI&export=download&confirm=t
tc-e5-cadets	data/ta1-cadets-1-e5-official-2.bin.50.gz		md5:2a6df18b3cfd77e43044e0ecfa54fd34	https://drive.usercontent.google.com/download?id=1O9_m5bq0nvTPSMdob5K9-ZXSqwXldbLO&export=download&confirm=t
tc-e5-cadets	data/ta1-cadets-1-e5-official-2.bin.51.gz		md5:3dd6278feaf980c8b1580e6d5265f0c6	https://drive.usercontent.google.com/download?id=1Gyyt74_6iy2qq9w2hj7jE3vasGTjfGaL&export=download&confirm=t
tc-e5-cadets	data/ta1-cadets-1-e5-official-2.bin.52.gz		md5:7f57c89b094d2d8303d881803fa15519	https://drive.usercontent.google.com/download?id=1NmjbhoN2lDzPmM9cdwjppS9gtXoLqJp4&export=download&confirm=t
tc-e5-cadets	data/ta1-cadets-1-e5-official-2.bin.53.gz		md5:b882db8c4dd78ba3a3de26f3491c7fdb	https://drive.usercontent.google.com/download?id=1RpUctYpHkSGjFfKuWPvIhTcs-6DeZzUT&export=download&confirm=t
tc-e5-cadets	data/ta1-cadets-1-e5-official-2.bin.54.gz		md5:7316d94d713157b16ca3d7f0d7d6a842	https://drive.usercontent.google.com/download?id=1eafzGhfhVwo5vLhgAUmf5G8okE3J6Dzs&export=download&confirm=t
tc-e5-cadets	data/ta1-cadets-1-e5-official-2.bin.55.gz		md5:713c0a8291c211d5a5686b101f7189e5	https://drive.usercontent.google.com/download?id=1J1xDTBzc3vY9ygMdlueBJy6N7IdAyKAr&export=download&confirm=t
tc-e5-cadets	data/ta1-cadets-1-e5-official-2.bin.56.gz		md5:17a9d0d010330efaf3077ed1012c9151	https://drive.usercontent.google.com/download?id=1qTvOwi26rHyJh6jYJge7cUGkVr-Jf5WT&export=download&confirm=t
tc-e5-cadets	data/ta1-cadets-1-e5-official-2.bin.57.gz		md5:ce459df63eb536abedc2806702818106	https://drive.usercontent.google.com/download?id=1YzyqbOlQ732gQeVwkb3MMpL4v-cfW2iB&export=download&confirm=t
tc-e5-cadets	data/ta1-cadets-1-e5-official-2.bin.58.gz		md5:c631b77f4aee16232c98e73a1a8fd943	https://drive.usercontent.google.com/download?id=1CoLyn7Ui6cPbh4YtBiGwguAEgJRRzt70&export=download&confirm=t
tc-e5-cadets	data/ta1-cadets-1-e5-official-2.bin.59.gz		md5:965379f25e3ec8ae4f8969170dd89985	https://drive.usercontent.google.com/download?id=1ygWuD7FitATDQBPM9SnM725fMUcRjRIB&export=download&confirm=t
tc-e5-cadets	data/ta1-cadets-1-e5-official-2.bin.6.gz	282007067	md5:fbec201ddb4755516fb92d922ddd1121	https://drive.usercontent.google.com/download?id=1BN7xWP0cYvv1zyvG3nGb82PM6_t9Uy6H&export=download&confirm=t
tc-e5-cadets	data/ta1-cadets-1-e5-official-2.bin.60.gz		md5:4ecb2dc41f764083aeb5c671ec80fedd	https://drive.usercontent.google.com/download?id=1Va1cZdzQK2h3XhOpQ-IlelNIZk0_yD2p&export=download&confirm=t
tc-e5-cadets	data/ta1-cadets-1-e5-official-2.bin.61.gz		md5:027ba9bcd4abc9a331a80aa9ee809445	https://drive.usercontent.google.com/download?id=1oMwLjPiwKsixRtFZDxj9Xg4aSK4j24-H&export=download&confirm=t
tc-e5-cadets	data/ta1-cadets-1-e5-official-2.bin.62.gz		md5:67d24ddffaa8fa9eea3393cbec641042	https://drive.usercontent.google.com/download?id=1MrpT6bku1x4T3Cw6nRwET2wpX2JRQSRI&export=download&confirm=t
tc-e5-cadets	data/ta1-cadets-1-e5-official-2.bin.63.gz		md5:919867986a8a3e9432688a818e3bd0a8	https://drive.usercontent.google.com/download?id=11kc_wugXwhtBUDduJStwfFs81Pf_FEKb&export=download&confirm=t
tc-e5-cadets	data/ta1-cadets-1-e5-official-2.bin.64.gz		md5:b0f8777d764513a7790577a4d8aa6892	https://drive.usercontent.google.com/download?id=1k4GemwJEy8leA3fix5D4b7lCqnfBPFxb&export=download&confirm=t
tc-e5-cadets	data/ta1-cadets-1-e5-official-2.bin.65.gz		md5:77047366df348f42fcba63ecc025be46	https://drive.usercontent.google.com/download?id=1hFpAYo7BFxeZLXW4tJmggMV-zOu4yNPp&export=download&confirm=t
tc-e5-cadets	data/ta1-cadets-1-e5-official-2.bin.66.gz		md5:e1556ee8f866e94435d30e2b568d6250	https://drive.usercontent.google.com/download?id=1k1XgaX0RGMSVR_mDGuFxoCXIb7b3CdN3&export=download&confirm=t
tc-e5-cadets	data/ta1-cadets-1-e5-official-2.bin.67.gz		md5:b5b73298e91ada06a3da66cd86f8dec5	https://drive.usercontent.google.com/download?id=1t_sneg-OJe_QpYKkuXBjhzPpOW8xqfu4&export=download&confirm=t
tc-e5-cadets	data/ta1-cadets-1-e5-official-2.bin.68.gz		md5:0faa5793cddf72f0e5314779640c8eab	https://drive.usercontent.google.com/download?id=12JoxD1a9VA0LWKX8SkQyfbT7-V7nBNLD&export=download&confirm=t
tc-e5-cadets	data/ta1-cadets-1-e5-official-2.bin.69.gz		md5:1ccee6ff2e80babca6c8398f0750c0da	https://drive.usercontent.google.com/download?id=1Vf3R7T2kRb0ZNFu3g70EKJEzakyA4m_b&export=download&confirm=t
tc-e5-cadets	data/ta1-cadets-1-e5-official-2.bin.7.gz	259814568	md5:9b28f9750e550375c6b4f5f1789b331f	https://drive.usercontent.google.com/download?id=1SixbYo4YsgQcemHmhTeFaKvRYmdcBrJf&export=download&confirm=t
tc-e5-cadets	data/ta1-cadets-1-e5-official-2.bin.70.gz		md5:34883f852fdfbc27941da7d3f2b4a9be	https://drive.usercontent.google.com/download?id=1UWT9eYSSe8W5XvhbCsM1NqsbDrYMzbPY&export=download&confirm=t
tc-e5-cadets	data/ta1-cadets-1-e5-official-2.bin.71.gz		md5:547943e167de73bfaf9af965bf8080dd	https://drive.usercontent.google.com/download?id=1DoZa52ur5NTCL4k3fYnWuAyUyzD7CtnE&export=download&confirm=t
tc-e5-cadets	data/ta1-cadets-1-e5-official-2.bin.72.gz		md5:9bcf4e6678148ab3481b9e1f5e1cbfaf	https://drive.usercontent.google.com/download?id=1Uo97q6_kljnvK2Yq9xtjGSIC7bS4pc4D&export=download&confirm=t
tc-e5-cadets	data/ta1-cadets-1-e5-official-2.bin.73.gz		md5:d1e5ad023acc9d096e010acecb92ddb9	https://drive.usercontent.google.com/download?id=1RjJ-_XhNBLgjIzK5ejiVXQmeUoz1MN8Y&export=download&confirm=t
tc-e5-cadets	data/ta1-cadets-1-e5-official-2.bin.74.gz		md5:472f0a57afda8297158a907111ce4929	https://drive.usercontent.google.com/download?id=1e9OwpquFxhUu1zAImBawB1irrcWegpNT&export=download&confirm=t
tc-e5-cadets	data/ta1-cadets-1-e5-official-2.bin.75.gz		md5:0ff1672304fd3b46cee6de7fb106c642	https://drive.usercontent.google.com/download?id=1ONMGmgFFwtgmnGxei0umgBgvFmxOivfl&export=download&confirm=t
tc-e5-cadets	data/ta1-cadets-1-e5-official-2.bin.76.gz		md5:e8caf2ec2c28be36e3e0c7e418054858	https://drive.usercontent.google.com/download?id=1_yWmfeVOLxiBMV6_qaf4O1In8iT1tFca&export=download&confirm=t
tc-e5-cadets	data/ta1-cadets-1-e5-official-2.bin.77.gz		md5:0519f9f5760bfa7f2f962cd9b9aadd5f	https://drive.usercontent.google.com/download?id=1RuKKQ9Ie1NtZ6h9Lo7TpedFU1G5-He4-&export=download&confirm=t
tc-e5-cadets	data/ta1-cadets-1-e5-official-2.bin.78.gz		md5:5092caa5477e785d4fab37411c1e4276	https://drive.usercontent.google.com/download?id=1f3oqnoH6rK0oA1pX2lc4qjbAGbaWN_k0&export=download&confirm=t
tc-e5-cadets	data/ta1-cadets-1-e5-official-2.bin.79.gz		md5:817b296a98cff0ee726255d7fd896245	https://drive.usercontent.google.com/download?id=1iO0tTb_28D7lY8q3o8p-qrs_osQYNaXj&export=download&confirm=t
tc-e5-cadets	data/ta1-cadets-1-e5-official-2.bin.8.gz	281683021	md5:47ed6c6f3e2c299421734f89baa30f47	https://drive.usercontent.google.com/download?id=1rm9vqZ-vi39DBGPvX0n9rw7wM-Ub9hq7&export=download&confirm=t
tc-e5-cadets	data/ta1-cadets-1-e5-official-2.bin.80.gz		md5:9955d5a126e00e11f813d91f86c796f2	https://drive.usercontent.google.com/download?id=1N3OsADuBkn4BCU2m56Sn5ur3mxDpHOFr&export=download&confirm=t
tc-e5-cadets	data/ta1-cadets-1-e5-official-2.bin.81.gz		md5:260bc182dcf5e78c6ba15b16d1c9a9bc	https://drive.usercontent.google.com/download?id=13tLhv0H2fmvF_IRkDby5h_ZkWPKlqxGs&export=download&confirm=t
tc-e5-cadets	data/ta1-cadets-1-e5-official-2.bin.82.gz		md5:574cda65eda88d5201c1c854e15130f5	https://drive.usercontent.google.com/download?id=1H50oLBqIgatpLRnfvvU4M-aL6ReThIZW&export=download&confirm=t
tc-e5-cadets	data/ta1-cadets-1-e5-official-2.bin.83.gz		md5:8fa704b3d9e013e046440c395af7f1e7	https://drive.usercontent.google.com/download?id=15yXDxdptX-fz7bbx01I6QhU-VcIiLu6f&export=download&confirm=t
tc-e5-cadets	data/ta1-cadets-1-e5-official-2.bin.84.gz		md5:3446a5687550fa2767ec18dfdaed510e	https://drive.usercontent.google.com/download?id=1ikELjHS_HSyVFCUovy-fB10G8MKFqle4&export=download&confirm=t
tc-e5-cadets	data/ta1-cadets-1-e5-official-2.bin.85.gz		md5:2c0b93de3a6eb3422e9f8f9571d855ea	https://drive.usercontent.google.com/download?id=1KWNNPSlERp2LCvWcq_VeWrVZX1JaOIhx&export=download&confirm=t
tc-e5-cadets	data/ta1-cadets-1-e5-official-2.bin.86.gz		md5:7858abd1b94a7abec8ba2f761c4a7d47	https://drive.usercontent.google.com/download?id=1bkmopiLx_3TiCbJwWqP5XFkRk8NBppi9&export=download&confirm=t
tc-e5-cadets	data/ta1-cadets-1-e5-official-2.bin.87.gz		md5:64ad4628d81d8941d9d7df16eb7ba740	https://drive.usercontent.google.com/download?id=1Kb43c-pXpBEVXhPdnN8HtiDhh783XX2r&export=download&confirm=t
tc-e5-cadets	data/ta1-cadets-1-e5-official-2.bin.88.gz		md5:120d30da7ec4638fa6fff1952177e8c6	https://drive.usercontent.google.com/download?id=1xUrxBYeOZYQAhMZ9V07GRjjOMvfH_vrE&export=download&confirm=t
tc-e5-cadets	data/ta1-cadets-1-e5-official-2.bin.89.gz		md5:8e1cd73606bfc7ef0ead284e004a61a2	https://drive.usercontent.google.com/download?id=1MOyRvUlGF4Wyu6d0kTB_gtRT25T7mS3-&export=download&confirm=t
tc-e5-cadets	data/ta1-cadets-1-e5-official-2.bin.9.gz	292901533	md5:4b13b36d929e830ee9ba47e782aaa664	https://drive.usercontent.google.com/download?id=1b2R-uvZkqtKQy6jeiAA_CKgMe6ZCpYWv&export=download&confirm=t
tc-e5-cadets	data/ta1-cadets-1-e5-official-2.bin.90.gz		md5:83184d042b395d3d55f444a37716b258	https://drive.usercontent.google.com/download?id=1eQ5LoK6dNVl7mXFhU5h8aMZ7OuSGVawJ&export=download&confirm=t
tc-e5-cadets	data/ta1-cadets-1-e5-official-2.bin.91.gz		md5:0bf9fc0856378587d55c5ccfa258b2e6	https://drive.usercontent.google.com/download?id=17DptV46xqrRVu0E9_DEyUjckiMZ7-egb&export=download&confirm=t
tc-e5-cadets	data/ta1-cadets-1-e5-official-2.bin.92.gz		md5:e4452ca25d74a63b2efbc72a408375a3	https://drive.usercontent.google.com/download?id=1RG7TfMvo4qjHYnKepodU_Eh4dqLjI6jJ&export=download&confirm=t
tc-e5-cadets	data/ta1-cadets-1-e5-official-2.bin.93.gz		md5:ac179b34a3b467350d986765ce33333f	https://drive.usercontent.google.com/download?id=1H4TkFcsZv5fqAsZoOxWMWSPqNfZ932ba&export=download&confirm=t
tc-e5-cadets	data/ta1-cadets-1-e5-official-2.bin.94.gz		md5:d3f153981d2c0da2b0b6de68303064e7	https://drive.usercontent.google.com/download?id=12N_E80htMGaWjYmb0kASFamC222J3yHN&export=download&confirm=t
tc-e5-cadets	data/ta1-cadets-1-e5-official-2.bin.95.gz		md5:db4ae153046a70e184c6351d3c09d14c	https://drive.usercontent.google.com/download?id=1_Cu0qmRvwxcq45y4apvPoSziWv81flRb&export=download&confirm=t
tc-e5-cadets	data/ta1-cadets-1-e5-official-2.bin.96.gz		md5:642002eb083882adfdbeb16bee7d15a8	https://drive.usercontent.google.com/download?id=1eFBfNeoZmx7Xkkc_-jWXkhPmzxMWQk5t&export=download&confirm=t
tc-e5-cadets	data/ta1-cadets-1-e5-official-2.bin.97.gz		md5:583ca3b260eb35c31d72985bb393a344	https://drive.usercontent.google.com/download?id=1CP0RKho1bt8Q2nvpkLtkcRKLdwAqAxto&export=download&confirm=t
tc-e5-cadets	data/ta1-cadets-1-e5-official-2.bin.98.gz		md5:bd60fd448b74ef4139e122d49e907bf2	https://drive.usercontent.google.com/download?id=1qOdBLfKgiy5aaBOVdpOpZqDQK1b3QcYp&export=download&confirm=t
tc-e5-cadets	data/ta1-cadets-1-e5-official-2.bin.99.gz		md5:228099c7952e8531d9ea2f71860fbc84	https://drive.usercontent.google.com/download?id=16vCkgj3gN69RjJStBYftAvs06fvdr164&export=download&confirm=t
tc-e5-cadets	data/ta1-cadets-1-e5-official-2.bin.gz		md5:95463601034541bd52d6de37da8b89aa	https://drive.usercontent.google.com/download?id=1et2epoVIvchDnaLISHvq-zgDmKef-nAL&export=download&confirm=t
tc-e5-fivedirections	source/bins.md5sum	26624	sha256:7ea321bff1ca2749f139e72a8e93a4173e8beb67fa93509f0f65f598597003a7	https://drive.usercontent.google.com/download?id=1j6-lPSQkb03unTMweTFc_FcxUYGHhoNj&export=download&confirm=t
tc-e5-fivedirections	data/ta1-fivedirections-1-e5-official-1.bin.1.gz	305438193	md5:13fedbcbe2c9989dc3749fa10f8bcd49	https://drive.usercontent.google.com/download?id=1eFs0c4-o7qV0f8ck-RqOStftFI4rdozz&export=download&confirm=t
tc-e5-fivedirections	data/ta1-fivedirections-1-e5-official-1.bin.10.gz	308507486	md5:d631a4290f5e96dc1b0761d9eb133064	https://drive.usercontent.google.com/download?id=12YrYpE6BsbYUY2m8Ww4MqxIr1P8TRG4p&export=download&confirm=t
tc-e5-fivedirections	data/ta1-fivedirections-1-e5-official-1.bin.100.gz		md5:82b2f5019a58ffd542bacf6ef33ff717	https://drive.usercontent.google.com/download?id=1rQnYg5FahQG9pwsSV8B3V4a-fJtA2P7H&export=download&confirm=t
tc-e5-fivedirections	data/ta1-fivedirections-1-e5-official-1.bin.101.gz		md5:06a6c38408c3b0a95b88e8a63f66ae22	https://drive.usercontent.google.com/download?id=1IdI97foAeAmDIfwEDurD5Zc7ebWDhJP3&export=download&confirm=t
tc-e5-fivedirections	data/ta1-fivedirections-1-e5-official-1.bin.102.gz		md5:7733d4f8fa1c1b41f3be33fa6c14aa87	https://drive.usercontent.google.com/download?id=1YSulaZF2aQCd6yxXoq9BbA1oNKaT-4-y&export=download&confirm=t
tc-e5-fivedirections	data/ta1-fivedirections-1-e5-official-1.bin.103.gz		md5:8556b73cc51a533214b9206660c8358e	https://drive.usercontent.google.com/download?id=1wAZ41z8mxAmM1VifHqo3bDuJYqUEGCQL&export=download&confirm=t
tc-e5-fivedirections	data/ta1-fivedirections-1-e5-official-1.bin.104.gz		md5:3c4dcc4d99cf5c8c879cfeb6bc4fbb74	https://drive.usercontent.google.com/download?id=19HR2LVyjNWwKLzCD_QOLphaL5lg337gl&export=download&confirm=t
tc-e5-fivedirections	data/ta1-fivedirections-1-e5-official-1.bin.105.gz		md5:c197c78883aaa86e5b03164eb2e1b509	https://drive.usercontent.google.com/download?id=1X3TeJg4CBvhGxXl-9tsBweIR10LMpLzg&export=download&confirm=t
tc-e5-fivedirections	data/ta1-fivedirections-1-e5-official-1.bin.106.gz		md5:706f1e6c267e595c0d7833c1bfc5e203	https://drive.usercontent.google.com/download?id=1-kNsMOD-nHaZXJPHA0skpnvI0dL5FbVq&export=download&confirm=t
tc-e5-fivedirections	data/ta1-fivedirections-1-e5-official-1.bin.107.gz		md5:f9be188da31d777a9d8dc9b9126262bb	https://drive.usercontent.google.com/download?id=1cpxNW_ifz83-_IHyj8KpApNY52MS4Zxn&export=download&confirm=t
tc-e5-fivedirections	data/ta1-fivedirections-1-e5-official-1.bin.108.gz		md5:1d3fd43d83fb75477d44b9d585926797	https://drive.usercontent.google.com/download?id=12nLl39uCW4XujiYEpEO3QmRKKx9rVjMZ&export=download&confirm=t
tc-e5-fivedirections	data/ta1-fivedirections-1-e5-official-1.bin.109.gz		md5:2eda6fedf7894e85be713c30b78560c8	https://drive.usercontent.google.com/download?id=1o23_7AyEktwpBVkck1iHm8SfoZgw0S-V&export=download&confirm=t
tc-e5-fivedirections	data/ta1-fivedirections-1-e5-official-1.bin.11.gz	306991755	md5:83cbb0faa2b59c8149968869277b4a59	https://drive.usercontent.google.com/download?id=117tJnDMEbmjQInMabqtQAhQpgGTM_crt&export=download&confirm=t
tc-e5-fivedirections	data/ta1-fivedirections-1-e5-official-1.bin.110.gz		md5:40b9b4b8dc7f6ac0abf235dd8cd5963f	https://drive.usercontent.google.com/download?id=1meSuvXDAXdDSwCxdTB9kMl2RMMHrGF_V&export=download&confirm=t
tc-e5-fivedirections	data/ta1-fivedirections-1-e5-official-1.bin.111.gz		md5:e8a6eb23f12a70c5a069835683975c47	https://drive.usercontent.google.com/download?id=1rBFxHTreN7nMAAA4KC31PmRe8hZtXlNT&export=download&confirm=t
tc-e5-fivedirections	data/ta1-fivedirections-1-e5-official-1.bin.112.gz		md5:98af8b704149a00faa7b913f27c03439	https://drive.usercontent.google.com/download?id=1wz_fFkP-OFXGVnxA13Doc01SY0s6Revc&export=download&confirm=t
tc-e5-fivedirections	data/ta1-fivedirections-1-e5-official-1.bin.113.gz		md5:c2b03933fb57d6295a39abf1f0218ef8	https://drive.usercontent.google.com/download?id=1ak0E1tSvheFPr3tSiMX0qyvYFgRcbfOF&export=download&confirm=t
tc-e5-fivedirections	data/ta1-fivedirections-1-e5-official-1.bin.114.gz		md5:21c33fba1a86b1b648780963a39a6106	https://drive.usercontent.google.com/download?id=1seyVVOaIgI7C5a1dXlmLVEn7saf07-yI&export=download&confirm=t
tc-e5-fivedirections	data/ta1-fivedirections-1-e5-official-1.bin.115.gz		md5:9f4d3ba046c6b58813bf7581482ed994	https://drive.usercontent.google.com/download?id=1wExtxukjVbvF4wtQy4ErU80z6BVguvZj&export=download&confirm=t
tc-e5-fivedirections	data/ta1-fivedirections-1-e5-official-1.bin.116.gz		md5:b83e50c0ea38ec2aa938cb3593bf0e9f	https://drive.usercontent.google.com/download?id=1G4PV2n1fIh6Sq9wcuJxJObZ6AhHDRvHO&export=download&confirm=t
tc-e5-fivedirections	data/ta1-fivedirections-1-e5-official-1.bin.117.gz		md5:312a1ff4ccf970460f682c80072635d0	https://drive.usercontent.google.com/download?id=1DNGW0bHzNLdiBSdtJ_PoKKHdfbCevBF_&export=download&confirm=t
tc-e5-fivedirections	data/ta1-fivedirections-1-e5-official-1.bin.118.gz		md5:4d640d39640c3a69054fa3514857f8a5	https://drive.usercontent.google.com/download?id=1fsl_bSTUEyUhrHb_h35T2uzg-A9zfWO1&export=download&confirm=t
tc-e5-fivedirections	data/ta1-fivedirections-1-e5-official-1.bin.119.gz		md5:6b37352c53fe0d0d4f9cc1d5d6a3a376	https://drive.usercontent.google.com/download?id=1xQ-NJhYwY4OFxaman-Om5BKJjPucQDgR&export=download&confirm=t
tc-e5-fivedirections	data/ta1-fivedirections-1-e5-official-1.bin.12.gz	309479515	md5:12ab186cd76ef37be264069e64952d13	https://drive.usercontent.google.com/download?id=1y6u8WrP07F5tgB_SwNB1_BXLl1HePK2-&export=download&confirm=t
tc-e5-fivedirections	data/ta1-fivedirections-1-e5-official-1.bin.120.gz		md5:d71acfe5dd2fb861d0b2e03a3080097f	https://drive.usercontent.google.com/download?id=1hPoNCSLCdOYJVFGZObATYlkQQfTOyCYO&export=download&confirm=t
tc-e5-fivedirections	data/ta1-fivedirections-1-e5-official-1.bin.121.gz		md5:914c41ac2fd13ccc0433d8d24c2aa457	https://drive.usercontent.google.com/download?id=1PIW7iGU-NzFErrSGdNUEknKeRHAHhzft&export=download&confirm=t
tc-e5-fivedirections	data/ta1-fivedirections-1-e5-official-1.bin.122.gz		md5:d9c1a454ce5804ab6d8eb01e0c641e18	https://drive.usercontent.google.com/download?id=1xDXJW824_-yqX--vsxxos2cqPy8LJ57Z&export=download&confirm=t
tc-e5-fivedirections	data/ta1-fivedirections-1-e5-official-1.bin.13.gz	309275086	md5:b2b48e008e5668608e73f71a3a75a0a1	https://drive.usercontent.google.com/download?id=1ORJviaALTm58PBOdjhCKXRwiCeAaM4MS&export=download&confirm=t
tc-e5-fivedirections	data/ta1-fivedirections-1-e5-official-1.bin.14.gz	314637723	md5:2494e7c5410c85ff1a86ea12ea75d3a1	https://drive.usercontent.google.com/download?id=19l_DWImEo6-lb1YpdEb2ANvaRZFZMc9T&export=download&confirm=t
tc-e5-fivedirections	data/ta1-fivedirections-1-e5-official-1.bin.15.gz	322112794	md5:20149fc4a3f05719e6c788c599537050	https://drive.usercontent.google.com/download?id=13HRmyHdeJAFA4_H4LveN8mU4BKIDqWIx&export=download&confirm=t
tc-e5-fivedirections	data/ta1-fivedirections-1-e5-official-1.bin.16.gz	323164956	md5:1bb40b5433a96e97d7393f7385cc1f4e	https://drive.usercontent.google.com/download?id=1hLoaRp69t8d7bw1wST9M8u4syUahLg4g&export=download&confirm=t
tc-e5-fivedirections	data/ta1-fivedirections-1-e5-official-1.bin.17.gz	316485144	md5:77af40261eb0ec5544bc59d2ec45051a	https://drive.usercontent.google.com/download?id=1A3RQav6oatw8nOZVo6Rdjy0l66Fd3MVL&export=download&confirm=t
tc-e5-fivedirections	data/ta1-fivedirections-1-e5-official-1.bin.18.gz	313106623	md5:48f349301f98a512bd24327222f7191c	https://drive.usercontent.google.com/download?id=1Cpq9LT8_ZxdTuKmuQJ3HkifwKZaxNq9K&export=download&confirm=t
tc-e5-fivedirections	data/ta1-fivedirections-1-e5-official-1.bin.19.gz	303070594	md5:5865b3ce6e154e0bbeb62064893f622c	https://drive.usercontent.google.com/download?id=1zZY5WqtrZewzXPW5n7RgRBqlJiPVAp76&export=download&confirm=t
tc-e5-fivedirections	data/ta1-fivedirections-1-e5-official-1.bin.2.gz	309025261	md5:5d2acb574dec9c3cd9c9b532908ad188	https://drive.usercontent.google.com/download?id=1tVhFHtcGw3lOEJnKlppRMf_lGzSvsu-T&export=download&confirm=t
tc-e5-fivedirections	data/ta1-fivedirections-1-e5-official-1.bin.20.gz	309366409	md5:cc80cf3369d1d27c878e44c95a30321b	https://drive.usercontent.google.com/download?id=1K-us-jCZK76OaMeX-H3uuWjqpw8iRwaG&export=download&confirm=t
tc-e5-fivedirections	data/ta1-fivedirections-1-e5-official-1.bin.21.gz	310250157	md5:f35dfed388beccd005479f48f507cca5	https://drive.usercontent.google.com/download?id=1Busf_3P7K-Ty9FsMfk2Z5MxJ-OgxC7Xz&export=download&confirm=t
tc-e5-fivedirections	data/ta1-fivedirections-1-e5-official-1.bin.22.gz	305382863	md5:5e2e339b0da99dac1fe3d0539db72599	https://drive.usercontent.google.com/download?id=1_ryIEHjRsYiIFhIHBbPZdhMUbrgMLxeB&export=download&confirm=t
tc-e5-fivedirections	data/ta1-fivedirections-1-e5-official-1.bin.23.gz	310576694	md5:fd3a99c650b387b4534f58e245f8811a	https://drive.usercontent.google.com/download?id=1JK8GnULJ3DPhSgY7ysQAhQ238ootMQCV&export=download&confirm=t
tc-e5-fivedirections	data/ta1-fivedirections-1-e5-official-1.bin.24.gz	317582274	md5:03ee6027cffd5212119315e907bd2284	https://drive.usercontent.google.com/download?id=1M7-jVoFgqCnqEK1zKnj57OhxkjJ1TwdE&export=download&confirm=t
tc-e5-fivedirections	data/ta1-fivedirections-1-e5-official-1.bin.25.gz	315540684	md5:7fc6505a27b7510df398f2a6d303320a	https://drive.usercontent.google.com/download?id=1mYefehyjjSErj-cz1-zHY_7Nsyrdn9GE&export=download&confirm=t
tc-e5-fivedirections	data/ta1-fivedirections-1-e5-official-1.bin.26.gz	317455723	md5:d3a97532f2d9595c9826a5e0c88ca31f	https://drive.usercontent.google.com/download?id=1jIh1Glo2DwvLLHYTol8lt_8GjpkuFQFc&export=download&confirm=t
tc-e5-fivedirections	data/ta1-fivedirections-1-e5-official-1.bin.27.gz	317627464	md5:a40f91ee008b25b987de92c12b3bd641	https://drive.usercontent.google.com/download?id=1v3BrMVNGgM1ygCP4np7i-FioEmB8o_my&export=download&confirm=t
tc-e5-fivedirections	data/ta1-fivedirections-1-e5-official-1.bin.28.gz	320554144	md5:8f24c3b6b7f109ea2c26388f1b73ce59	https://drive.usercontent.google.com/download?id=1UsZxm73e3SVnbOOTi5bEzPw5pBBTCdGV&export=download&confirm=t
tc-e5-fivedirections	data/ta1-fivedirections-1-e5-official-1.bin.29.gz	314321299	md5:94b66f72c838005ca1d785ec8b74f3c9	https://drive.usercontent.google.com/download?id=1kGrVyiNMdvc4nh3BKx8lNpBPnb-Qh0Ou&export=download&confirm=t
tc-e5-fivedirections	data/ta1-fivedirections-1-e5-official-1.bin.3.gz	308754439	md5:0b71f51b4f7baa44b8f7e74f7b5a8485	https://drive.usercontent.google.com/download?id=1HUVxpht2AxjZ7CAZRwJ57RkxkfdvZt8W&export=download&confirm=t
tc-e5-fivedirections	data/ta1-fivedirections-1-e5-official-1.bin.30.gz	304623048	md5:c12811d26028263f178b725c074a3369	https://drive.usercontent.google.com/download?id=1ZTtrKcMuurGA-ZrRiztD44dGu0b8IbF-&export=download&confirm=t
tc-e5-fivedirections	data/ta1-fivedirections-1-e5-official-1.bin.31.gz	306555380	md5:dce96a71cb78ba60673ca4adf705b0e3	https://drive.usercontent.google.com/download?id=1VcwVAuaQ5H7PVwiKux767HnhjIBoKANo&export=download&confirm=t
tc-e5-fivedirections	data/ta1-fivedirections-1-e5-official-1.bin.32.gz	313508337	md5:55cbd7829a23a1d010f76afcf117d5b7	https://drive.usercontent.google.com/download?id=1Bic-hkumW6vPXVXqqLliQEFdr-_PaP4o&export=download&confirm=t
tc-e5-fivedirections	data/ta1-fivedirections-1-e5-official-1.bin.33.gz	314724173	md5:d1ab522e1b733f981a222939b3bf6a98	https://drive.usercontent.google.com/download?id=1Vj8EYQkyOBaoYiHXE-xphjEyFqSVgIJX&export=download&confirm=t
tc-e5-fivedirections	data/ta1-fivedirections-1-e5-official-1.bin.34.gz	303222381	md5:6692a19f109ccdd3b8bfd33935f65431	https://drive.usercontent.google.com/download?id=1TSEXCoxin3xnE-T1W7IHIR_dLIBfCQXr&export=download&confirm=t
tc-e5-fivedirections	data/ta1-fivedirections-1-e5-official-1.bin.35.gz	311632502	md5:d944fd73b75c2108614be9ed6bbffb7a	https://drive.usercontent.google.com/download?id=1HgtrIrrz_rsy3AGyKgbVUpCwmi4_ajSm&export=download&confirm=t
tc-e5-fivedirections	data/ta1-fivedirections-1-e5-official-1.bin.36.gz	314071295	md5:9c66c05c127f2926256eb2cce910c68c	https://drive.usercontent.google.com/download?id=1tGD_wl4De2wn2lLzwU8KXvyuw6JqFxpe&export=download&confirm=t
tc-e5-fivedirections	data/ta1-fivedirections-1-e5-official-1.bin.37.gz	313525081	md5:3ca1d761b1886fdf44fc2299f1051362	https://drive.usercontent.google.com/download?id=1zDMRKzkisuilHSuKCk4b6bHJ8uCoMJtC&export=download&confirm=t
tc-e5-fivedirections	data/ta1-fivedirections-1-e5-official-1.bin.38.gz	309797443	md5:e5df829b5fe7e83fb49a2b3181217f70	https://drive.usercontent.google.com/download?id=1nafQjMKB_EOttaxgsa9U6BA8SM0SZduP&export=download&confirm=t
tc-e5-fivedirections	data/ta1-fivedirections-1-e5-official-1.bin.39.gz	319096031	md5:e5ad5f4754f30dfb8681420a3f3ea6ca	https://drive.usercontent.google.com/download?id=1yhN9RjW5mNNA1oDMisN4PNb2wA7JP3hs&export=download&confirm=t
tc-e5-fivedirections	data/ta1-fivedirections-1-e5-official-1.bin.4.gz	310245966	md5:09ea86fe12033a3288f5df425b0fe1c1	https://drive.usercontent.google.com/download?id=18Tpq0uaYYyY3L_0D0ys2N7-R4O7emdiS&export=download&confirm=t
tc-e5-fivedirections	data/ta1-fivedirections-1-e5-official-1.bin.40.gz	315281089	md5:aa27ba9ce1d450f99a546daf3ab66995	https://drive.usercontent.google.com/download?id=1jn1cXpYjv-XFYt0md8Hy8RE_9AkevRQ6&export=download&confirm=t
tc-e5-fivedirections	data/ta1-fivedirections-1-e5-official-1.bin.41.gz	315688696	md5:7bb11f81d7e80b894b432bb968a636e2	https://drive.usercontent.google.com/download?id=1zEQedZ7auLPDHqjFqVgQM930-FywOsKb&export=download&confirm=t
tc-e5-fivedirections	data/ta1-fivedirections-1-e5-official-1.bin.42.gz	314052472	md5:517f897522c79b94abea4b62b96e4437	https://drive.usercontent.google.com/download?id=1660guRTvqZiO-ld41JwRpRjc7arOghYe&export=download&confirm=t
tc-e5-fivedirections	data/ta1-fivedirections-1-e5-official-1.bin.43.gz	311670560	md5:f56e00a8d2540b2b6a317da2257d73e3	https://drive.usercontent.google.com/download?id=1BZCQE9YiEKPD4cFBZDmA9CpcFF6hdxcp&export=download&confirm=t
tc-e5-fivedirections	data/ta1-fivedirections-1-e5-official-1.bin.44.gz	302195429	md5:4e2060ad6580cd91e266ac4760ce88f3	https://drive.usercontent.google.com/download?id=1luxWkcV5qBvvzDFFF-HMOaR_xj6v1_g7&export=download&confirm=t
tc-e5-fivedirections	data/ta1-fivedirections-1-e5-official-1.bin.45.gz	312255978	md5:4106779882af7f77ba824b941a638ae8	https://drive.usercontent.google.com/download?id=1y_nvVZ0zOf9CLfqUlrNrcsqEwJCRtFkO&export=download&confirm=t
tc-e5-fivedirections	data/ta1-fivedirections-1-e5-official-1.bin.46.gz	312708707	md5:49c3b3d6349a844776a0b22c1fe1acd3	https://drive.usercontent.google.com/download?id=1Z12Bx_3L_sqCvoyPB6BUko002HryIH_q&export=download&confirm=t
tc-e5-fivedirections	data/ta1-fivedirections-1-e5-official-1.bin.47.gz	310760358	md5:14d42631da4d4236c2cbc4e470bb1429	https://drive.usercontent.google.com/download?id=1Jve5dJSoHJVBSHOH6CxJMMD0ueYxiKea&export=download&confirm=t
tc-e5-fivedirections	data/ta1-fivedirections-1-e5-official-1.bin.48.gz	312237536	md5:86381a960c195e5ddfcd071b6bcf4642	https://drive.usercontent.google.com/download?id=1w2qruqhyfZ_ZJmks0uZb9vn55iIDYbfV&export=download&confirm=t
tc-e5-fivedirections	data/ta1-fivedirections-1-e5-official-1.bin.49.gz	319182476	md5:8a39b3834fb191e726bae0bb9ed7ad9b	https://drive.usercontent.google.com/download?id=1BJy9IkunF33HV2hQ9NQJLTfYbvVF5id7&export=download&confirm=t
tc-e5-fivedirections	data/ta1-fivedirections-1-e5-official-1.bin.5.gz	312670529	md5:e46216680f531d1129753ab62186d3a1	https://drive.usercontent.google.com/download?id=1QYKqK0Gq9ImX_jzTINrNB9L8DvnEy6Rh&export=download&confirm=t
tc-e5-fivedirections	data/ta1-fivedirections-1-e5-official-1.bin.50.gz		md5:a5875fca0e16194531f516028a258ec2	https://drive.usercontent.google.com/download?id=1kCRJcPCgaOhxCkjIUe1I1YGMXgznok2a&export=download&confirm=t
tc-e5-fivedirections	data/ta1-fivedirections-1-e5-official-1.bin.51.gz		md5:1c07fa1fefd2098e9a82bf3e361b7cdf	https://drive.usercontent.google.com/download?id=1lXl7Jhl1wBaVVNbP-Jd380mWzwKB7aTZ&export=download&confirm=t
tc-e5-fivedirections	data/ta1-fivedirections-1-e5-official-1.bin.52.gz		md5:46d483acda1215fa92c0ada5882f1f31	https://drive.usercontent.google.com/download?id=1M-T-IkvEiDkj9SG7wgfgiGIlnszmj4Pb&export=download&confirm=t
tc-e5-fivedirections	data/ta1-fivedirections-1-e5-official-1.bin.53.gz		md5:6d79c6a1854009985e5be1137eef1261	https://drive.usercontent.google.com/download?id=1CWj5WFWDNVqC5RO410on6p5A7Bsvhrnt&export=download&confirm=t
tc-e5-fivedirections	data/ta1-fivedirections-1-e5-official-1.bin.54.gz		md5:8f8a893dabd6e1b356260e46ce3f6f33	https://drive.usercontent.google.com/download?id=1L2Iklk0ohd4t030ZDQVr6cj7fJNokQRa&export=download&confirm=t
tc-e5-fivedirections	data/ta1-fivedirections-1-e5-official-1.bin.55.gz		md5:6d30e29e8bc46c82bf825fe1790f1555	https://drive.usercontent.google.com/download?id=1fw_vQN2NtzVNY45PerMccTsqriILoXM7&export=download&confirm=t
tc-e5-fivedirections	data/ta1-fivedirections-1-e5-official-1.bin.56.gz		md5:1df4cb69581752fa6eec7c34c64a102d	https://drive.usercontent.google.com/download?id=18YXR6IS9IDpBAR2xdR8xxzsDCk7vhlHE&export=download&confirm=t
tc-e5-fivedirections	data/ta1-fivedirections-1-e5-official-1.bin.57.gz		md5:47adb8276b2aba278828368b88febb64	https://drive.usercontent.google.com/download?id=1f-u5ohHRteDSr5Id-EeqWYmQf486jXS2&export=download&confirm=t
tc-e5-fivedirections	data/ta1-fivedirections-1-e5-official-1.bin.58.gz		md5:70209ec5949673d4c3d64cb600f443b3	https://drive.usercontent.google.com/download?id=1WLjrERg4EkFSoPmlMYuLHdLDO9QYF5fb&export=download&confirm=t
tc-e5-fivedirections	data/ta1-fivedirections-1-e5-official-1.bin.59.gz		md5:afa27df8851a60bb9ba69b380d61df6f	https://drive.usercontent.google.com/download?id=1x2ExMfUAyxJstFwpfVizS7wOFyvYWs33&export=download&confirm=t
tc-e5-fivedirections	data/ta1-fivedirections-1-e5-official-1.bin.6.gz	316151063	md5:a7d0524281e81b7042c9ec618d4724f1	https://drive.usercontent.google.com/download?id=1Lf0cveHTRXeEQIqmLGXaiM3NCusRDxgU&export=download&confirm=t
tc-e5-fivedirections	data/ta1-fivedirections-1-e5-official-1.bin.60.gz		md5:5b28a180d3456cea1f9cfa1555924b79	https://drive.usercontent.google.com/download?id=13DMhVHAtSz2XuHDHrwovQq3d21N3a7q5&export=download&confirm=t
tc-e5-fivedirections	data/ta1-fivedirections-1-e5-official-1.bin.61.gz		md5:0c2f99d5667d71343f87bfcc914d1cf0	https://drive.usercontent.google.com/download?id=1RV8j4jyy38gOiK4QCcXPDlxfcVTkJahu&export=download&confirm=t
tc-e5-fivedirections	data/ta1-fivedirections-1-e5-official-1.bin.62.gz		md5:3098344b77c3a5877a68302b3db5a5e9	https://drive.usercontent.google.com/download?id=1UgmZ-K6l1-OtL_IxmFxUJBkww7M6mFNn&export=download&confirm=t
tc-e5-fivedirections	data/ta1-fivedirections-1-e5-official-1.bin.63.gz		md5:390c5dff7be2b4f7fe703a06b5f40589	https://drive.usercontent.google.com/download?id=1WG0FiKyvLmr2nZZGbzEeqROnWPwdEUJ6&export=download&confirm=t
tc-e5-fivedirections	data/ta1-fivedirections-1-e5-official-1.bin.64.gz		md5:ac2cd39c2afcc6e01ff74537ceb71fb8	https://drive.usercontent.google.com/download?id=1UKgD5CijjzCzO4QJPwsydg5J8c-VYbRX&export=download&confirm=t
tc-e5-fivedirections	data/ta1-fivedirections-1-e5-official-1.bin.65.gz		md5:b761426e3ce82ea3269d5707b2613dee	https://drive.usercontent.google.com/download?id=1dJk3p0R3hlsRmvO8A3xODqoKkjLwkAqg&export=download&confirm=t
tc-e5-fivedirections	data/ta1-fivedirections-1-e5-official-1.bin.66.gz		md5:697d26f8cc916df37d6eb890d26a0ddc	https://drive.usercontent.google.com/download?id=1Z-3huBAUgwZ0Lfj9rjM2DAHMQoLlRZdH&export=download&confirm=t
tc-e5-fivedirections	data/ta1-fivedirections-1-e5-official-1.bin.67.gz		md5:443061124ad8b3e225f48afc0ef57551	https://drive.usercontent.google.com/download?id=1AFbxBcdFmdg_ytiF4MwlGFRf8X-6-4Gu&export=download&confirm=t
tc-e5-fivedirections	data/ta1-fivedirections-1-e5-official-1.bin.68.gz		md5:465eebc9f7ef5fe3988b0e3c9463b2ec	https://drive.usercontent.google.com/download?id=1wwMtMmbJrgX_i_qQMkdLycJzwJZRKD6l&export=download&confirm=t
tc-e5-fivedirections	data/ta1-fivedirections-1-e5-official-1.bin.69.gz		md5:5f0214adb88819605f6b3cc4b6b956f0	https://drive.usercontent.google.com/download?id=1fskIuQuZ6Eh9NUY_0juqW2Qvou6XlPrT&export=download&confirm=t
tc-e5-fivedirections	data/ta1-fivedirections-1-e5-official-1.bin.7.gz	311065689	md5:6489d1624f8f97550709a983da3caaad	https://drive.usercontent.google.com/download?id=1EGZKTth4H6nC3wCQ6Yq9dOOxb5UZN2us&export=download&confirm=t
tc-e5-fivedirections	data/ta1-fivedirections-1-e5-official-1.bin.70.gz		md5:51aba25c762239b9f5d089033cf18778	https://drive.usercontent.google.com/download?id=1WudiO4TsycsPBY3pm5ubjo7V410DLgD3&export=download&confirm=t
tc-e5-fivedirections	data/ta1-fivedirections-1-e5-official-1.bin.71.gz		md5:b4633a6fb58c51c171396eed910e888c	https://drive.usercontent.google.com/download?id=1nrZF4IogEosOtNjRoSjrcfMW_TTxyjD7&export=download&confirm=t
tc-e5-fivedirections	data/ta1-fivedirections-1-e5-official-1.bin.72.gz		md5:2baff667319f643d4cc04d461e0ca3a7	https://drive.usercontent.google.com/download?id=1yrYpe-1ZfxLHZcP50JSQQ8XyOQ2ID6zA&export=download&confirm=t
tc-e5-fivedirections	data/ta1-fivedirections-1-e5-official-1.bin.73.gz		md5:46d1271d187f94bf7a2e1f6aed6acd06	https://drive.usercontent.google.com/download?id=1Sy_UZ_rXVZTIGyOED8t-y8oTjaFk5cCH&export=download&confirm=t
tc-e5-fivedirections	data/ta1-fivedirections-1-e5-official-1.bin.74.gz		md5:5d7b90d84e4c6bb1e438ac37eaeef386	https://drive.usercontent.google.com/download?id=15OmhFTC2Gsow07RnWmjuNpopGg1DrUZG&export=download&confirm=t
tc-e5-fivedirections	data/ta1-fivedirections-1-e5-official-1.bin.75.gz		md5:5c6290c6b50d1adaf1f4c2545e582fbb	https://drive.usercontent.google.com/download?id=1MWLhLGibkx3oo4MDHMFNbuaeEgIk7s9D&export=download&confirm=t
tc-e5-fivedirections	data/ta1-fivedirections-1-e5-official-1.bin.76.gz		md5:fa03a403dc5856a95c5350214ab5baa6	https://drive.usercontent.google.com/download?id=1lnX9TIW4Z5_mGokayRX-XK5nDxE2t6ym&export=download&confirm=t
tc-e5-fivedirections	data/ta1-fivedirections-1-e5-official-1.bin.77.gz		md5:fd203039f4d83bdd073a033b77e7778c	https://drive.usercontent.google.com/download?id=1c23kWfvMkDQPCdhCVD--hsSI0ii9d_vh&export=download&confirm=t
tc-e5-fivedirections	data/ta1-fivedirections-1-e5-official-1.bin.78.gz		md5:4588d4a5e9ecc77bcd00fb7c89f6d4a7	https://drive.usercontent.google.com/download?id=18LSb09x12Fym52fxgpx4rncGXa8WagEv&export=download&confirm=t
tc-e5-fivedirections	data/ta1-fivedirections-1-e5-official-1.bin.79.gz		md5:259bf26e675167f064d5708e5c0ff9ed	https://drive.usercontent.google.com/download?id=14Clf8VIGGDqjPBOJA3RU1d_0OdvhIjKC&export=download&confirm=t
tc-e5-fivedirections	data/ta1-fivedirections-1-e5-official-1.bin.8.gz	314753926	md5:538d477e0f9a9cd49304d7ab4836d0d4	https://drive.usercontent.google.com/download?id=1TuykajKTJdIUqw42O-UwVGOhEO0POh56&export=download&confirm=t
tc-e5-fivedirections	data/ta1-fivedirections-1-e5-official-1.bin.80.gz		md5:6c24957a382d211952c3f0ac5e45ac78	https://drive.usercontent.google.com/download?id=1pzSdUGpnXzxeWExv7C9YAlBekdvTMzMi&export=download&confirm=t
tc-e5-fivedirections	data/ta1-fivedirections-1-e5-official-1.bin.81.gz		md5:fda6a687e75d58d1b2ceabc85e92e61d	https://drive.usercontent.google.com/download?id=1zZ7hORKfc-eBbtcaPqBonHgTMOOUGwEN&export=download&confirm=t
tc-e5-fivedirections	data/ta1-fivedirections-1-e5-official-1.bin.82.gz		md5:dd64bb6591e182c658a377b74010ad01	https://drive.usercontent.google.com/download?id=14eBV_gkEBeE1QfNGYRTs8fLFadX18gGX&export=download&confirm=t
tc-e5-fivedirections	data/ta1-fivedirections-1-e5-official-1.bin.83.gz		md5:eede7e5864db29199ade7118818773b7	https://drive.usercontent.google.com/download?id=1Cj2pe_TympAhvgMx87fFoTlkp5zOsrW7&export=download&confirm=t
tc-e5-fivedirections	data/ta1-fivedirections-1-e5-official-1.bin.84.gz		md5:fc81938c1c7585f0669f0fb90478fc3f	https://drive.usercontent.google.com/download?id=1iiKPYdUqYp4aZiJj8rVfQVdwyPcKPm2y&export=download&confirm=t
tc-e5-fivedirections	data/ta1-fivedirections-1-e5-official-1.bin.85.gz		md5:4d285027b867ae79d5bdffca145ae54f	https://drive.usercontent.google.com/download?id=1SJZo5oPzFlGWeNwRHoY5HOR1D5w-wH25&export=download&confirm=t
tc-e5-fivedirections	data/ta1-fivedirections-1-e5-official-1.bin.86.gz		md5:140c53009451a6de35fced7d4c77ca1a	https://drive.usercontent.google.com/download?id=1Cz8NeslMlkU5g2GwFllks7DkLsVxUNKr&export=download&confirm=t
tc-e5-fivedirections	data/ta1-fivedirections-1-e5-official-1.bin.87.gz		md5:6c7cfd2cb65f534fcd8d0b271d7d03b7	https://drive.usercontent.google.com/download?id=1bvnHK3pG-vpUtK81npW7rWTk68aH10HD&export=download&confirm=t
tc-e5-fivedirections	data/ta1-fivedirections-1-e5-official-1.bin.88.gz		md5:9740ad4af812a9cb677730a0c30c6746	https://drive.usercontent.google.com/download?id=1sNJWW-fZukCvWaLpOouokqd8nyzI1Zzh&export=download&confirm=t
tc-e5-fivedirections	data/ta1-fivedirections-1-e5-official-1.bin.89.gz		md5:670b794fd682c670512d22e75d389120	https://drive.usercontent.google.com/download?id=1NoN2OqglvCQXZBzXqqwcU624cvAUHcZc&export=download&confirm=t
tc-e5-fivedirections	data/ta1-fivedirections-1-e5-official-1.bin.9.gz	322670007	md5:56e2e700ac811b683abf4ec9449c9e41	https://drive.usercontent.google.com/download?id=1dMmWBEEOStWg25JP8Xv8VKJ3SDTtFemN&export=download&confirm=t
tc-e5-fivedirections	data/ta1-fivedirections-1-e5-official-1.bin.90.gz		md5:41dc15956f07172c08ee7dc490f87718	https://drive.usercontent.google.com/download?id=1fY-o7vQy-dS2xMzO23Uz0_5k54chTfil&export=download&confirm=t
tc-e5-fivedirections	data/ta1-fivedirections-1-e5-official-1.bin.91.gz		md5:f782e78f0a373d85ea20db36edece4a0	https://drive.usercontent.google.com/download?id=1tYbTD8wbLxv76WSCqf-WPDzjtyyQ8WrM&export=download&confirm=t
tc-e5-fivedirections	data/ta1-fivedirections-1-e5-official-1.bin.92.gz		md5:7750d7cd6cdce37556e83258013586c2	https://drive.usercontent.google.com/download?id=1eR03szW4kWneoPqzqiK1B6BFuM1C1uDv&export=download&confirm=t
tc-e5-fivedirections	data/ta1-fivedirections-1-e5-official-1.bin.93.gz		md5:cbf9f584be436521e040b64b75a215da	https://drive.usercontent.google.com/download?id=1A45BjbmW_WcFdLLBR1j9b6nTxUq_Wg5D&export=download&confirm=t
tc-e5-fivedirections	data/ta1-fivedirections-1-e5-official-1.bin.94.gz		md5:058c5c8ceb51e1bc59668397b4e812cb	https://drive.usercontent.google.com/download?id=1nx-z_4g8v5276l7PNgbNf_7a_QA2RYBt&export=download&confirm=t
tc-e5-fivedirections	data/ta1-fivedirections-1-e5-official-1.bin.95.gz		md5:dc5e539de6a325e6008576cd85032be0	https://drive.usercontent.google.com/download?id=1Ptc-Fl0VfpR6e-wiPkL2ZDZVon74oQFD&export=download&confirm=t
tc-e5-fivedirections	data/ta1-fivedirections-1-e5-official-1.bin.96.gz		md5:7a1e7f877c739ef35e2dc0244b7ba7db	https://drive.usercontent.google.com/download?id=1Kte3bwR7O-9rNFnMm99vkS9g-ikAFSDm&export=download&confirm=t
tc-e5-fivedirections	data/ta1-fivedirections-1-e5-official-1.bin.97.gz		md5:ea7cd5fe9454be01135acddea9c30726	https://drive.usercontent.google.com/download?id=1VoKk8nafuz7-H2RM3fVd-4qrbXtq0875&export=download&confirm=t
tc-e5-fivedirections	data/ta1-fivedirections-1-e5-official-1.bin.98.gz		md5:d000948e1decc7c44c9b7892ee83d72b	https://drive.usercontent.google.com/download?id=1Zmrmk1YCCBAjf4E8SQvwY9-XSRGvquF-&export=download&confirm=t
tc-e5-fivedirections	data/ta1-fivedirections-1-e5-official-1.bin.99.gz		md5:4fb34cce5cfce100ee875ba3c02cec6d	https://drive.usercontent.google.com/download?id=1Qj2IcJmx-48Wz7-9zLGw1GLQ6inMv-WW&export=download&confirm=t
tc-e5-fivedirections	data/ta1-fivedirections-1-e5-official-1.bin.gz		md5:a798efe599514651b7beee2e8f619628	https://drive.usercontent.google.com/download?id=1xkQNzGhMG1yXGVWKLjg149BwvBJk56KQ&export=download&confirm=t
tc-e5-fivedirections	data/ta1-fivedirections-2-e5-official-1.bin.1.gz		md5:550f6d90762b8f4f13050931cadc235f	https://drive.usercontent.google.com/download?id=1BLjCAAUCVGWISnAu9sGmhQd5SdQhv1Bv&export=download&confirm=t
tc-e5-fivedirections	data/ta1-fivedirections-2-e5-official-1.bin.10.gz		md5:b752730cf5955d4a31cd4797f0722dfa	https://drive.usercontent.google.com/download?id=1xgs3RJBF6jf9lYr_y0iapvHelukYuP-3&export=download&confirm=t
tc-e5-fivedirections	data/ta1-fivedirections-2-e5-official-1.bin.100.gz		md5:577e5442ebdb9ce6c73386f77b273519	https://drive.usercontent.google.com/download?id=1GEVnjw7J1Ii_7IKsPvye0r_XdXQGAfRT&export=download&confirm=t
tc-e5-fivedirections	data/ta1-fivedirections-2-e5-official-1.bin.101.gz		md5:55d5cb67a376b5ea8ba07b80a7fbefd3	https://drive.usercontent.google.com/download?id=1RbqB6QDmr3zMAYbcuNtDK04ANdvJfZWV&export=download&confirm=t
tc-e5-fivedirections	data/ta1-fivedirections-2-e5-official-1.bin.11.gz		md5:d05fa9a50c2f0d8165de6a99c263e57b	https://drive.usercontent.google.com/download?id=1GZPZBnudEOuMCwE_V8seglqu7yzFtYGu&export=download&confirm=t
tc-e5-fivedirections	data/ta1-fivedirections-2-e5-official-1.bin.12.gz		md5:8204fdb5f3f501a6303a3207b6e85be7	https://drive.usercontent.google.com/download?id=1bADgt6Dv2H0ZAeGfjA7zowgHNt2kfLv8&export=download&confirm=t
tc-e5-fivedirections	data/ta1-fivedirections-2-e5-official-1.bin.13.gz		md5:5dd5b2065a0f10b624117d60e4f253aa	https://drive.usercontent.google.com/download?id=1aTrhuBMa-bUzDAF06iT0U-rQGiyFRB2U&export=download&confirm=t
tc-e5-fivedirections	data/ta1-fivedirections-2-e5-official-1.bin.14.gz		md5:5bb18d2ee341c7daa84fc89a200c5be4	https://drive.usercontent.google.com/download?id=1h4CLdGygZ1dJ5NhAAgu8MZ4FywDOodqB&export=download&confirm=t
tc-e5-fivedirections	data/ta1-fivedirections-2-e5-official-1.bin.15.gz		md5:3b48a5eb1d052d8ca7fe695006ce96bd	https://drive.usercontent.google.com/download?id=1k3QQv4fEnl2rhYuUqL_oKL_jZGdWU9Pz&export=download&confirm=t
tc-e5-fivedirections	data/ta1-fivedirections-2-e5-official-1.bin.16.gz		md5:71de2541c5d141ad5539326efc7f96ed	https://drive.usercontent.google.com/download?id=1UsrKLQ-mrKvE23KoyoZw_Ygan3qZZw8P&export=download&confirm=t
tc-e5-fivedirections	data/ta1-fivedirections-2-e5-official-1.bin.17.gz		md5:06ca656bb655b281ae161067ec1299c8	https://drive.usercontent.google.com/download?id=1Xce-QcFz5FU8YBDJfrsT6j0idZEPxuHW&export=download&confirm=t
tc-e5-fivedirections	data/ta1-fivedirections-2-e5-official-1.bin.18.gz		md5:874916e019562431ac919d1e2073f33e	https://drive.usercontent.google.com/download?id=1dhyMYVPJovb7FzK2JDv022OU0YUWdFEA&export=download&confirm=t
tc-e5-fivedirections	data/ta1-fivedirections-2-e5-official-1.bin.19.gz		md5:6de0db9a4ac3c53e03fcc61bf077953c	https://drive.usercontent.google.com/download?id=1PEG5IGUujj0pjLxSuXPbjfbRGRFca0Wr&export=download&confirm=t
tc-e5-fivedirections	data/ta1-fivedirections-2-e5-official-1.bin.2.gz		md5:3f8e9021a221495916ab7c02224063c4	https://drive.usercontent.google.com/download?id=1qscmInIMgr3tfPaCWRbvoLecwBA7wZ7S&export=download&confirm=t
tc-e5-fivedirections	data/ta1-fivedirections-2-e5-official-1.bin.20.gz		md5:30727423f7b28b44f4d2f35556bb4857	https://drive.usercontent.google.com/download?id=19rjsJieAPNjxXNecO98Q9eoSHrtJLrcN&export=download&confirm=t
tc-e5-fivedirections	data/ta1-fivedirections-2-e5-official-1.bin.21.gz		md5:24b74464c19b3e5993c048dce5f74e1e	https://drive.usercontent.google.com/download?id=1nI4KlQJEuFRi0XEc_T06EO_cdFc-47Ph&export=download&confirm=t
tc-e5-fivedirections	data/ta1-fivedirections-2-e5-official-1.bin.22.gz		md5:9ed3f3dadf3d8577a8563c3e210dedec	https://drive.usercontent.google.com/download?id=1tvLVIveXb0SqRQLd9xOFblEkTtfBQ5YL&export=download&confirm=t
tc-e5-fivedirections	data/ta1-fivedirections-2-e5-official-1.bin.23.gz		md5:3bc23c9a0c6b6567043c7592dc24287d	https://drive.usercontent.google.com/download?id=1lLG69FHHy4peCenb7V851wULwGtCWJcl&export=download&confirm=t
tc-e5-fivedirections	data/ta1-fivedirections-2-e5-official-1.bin.24.gz		md5:8a86afcc4e849fa8068ed57b6eb5affe	https://drive.usercontent.google.com/download?id=1HaOgQJJ7vaqzlHcanroVDe7QJlBtxA30&export=download&confirm=t
tc-e5-fivedirections	data/ta1-fivedirections-2-e5-official-1.bin.25.gz		md5:7ecb6f49fa7622c2a578d5d9b55b1a36	https://drive.usercontent.google.com/download?id=1TecCSy57y1qMkTMGdmD_R3vJQKq8ROtg&export=download&confirm=t
tc-e5-fivedirections	data/ta1-fivedirections-2-e5-official-1.bin.26.gz		md5:fb1c550456230baa7dcab1c3483ed434	https://drive.usercontent.google.com/download?id=1MbykfwiXaRB-Nftf6d9RAyaD3yavdLnq&export=download&confirm=t
tc-e5-fivedirections	data/ta1-fivedirections-2-e5-official-1.bin.27.gz		md5:973b7653119d2e94432b0021d3e66673	https://drive.usercontent.google.com/download?id=1IT-82tFe59inszfBXgJd1BEYVgezzy27&export=download&confirm=t
tc-e5-fivedirections	data/ta1-fivedirections-2-e5-official-1.bin.28.gz		md5:e45cc99eafb1972af19fb3f997ff99c1	https://drive.usercontent.google.com/download?id=1ceYBHQDzbzrqagQ3VSqltXj2jUKq7Bwf&export=download&confirm=t
tc-e5-fivedirections	data/ta1-fivedirections-2-e5-official-1.bin.29.gz		md5:da7318435c9d892a2adcdc9f02c96875	https://drive.usercontent.google.com/download?id=1bZbo2tRAjZVDK0fLqijSs6TjHe7FrghT&export=download&confirm=t
tc-e5-fivedirections	data/ta1-fivedirections-2-e5-official-1.bin.3.gz		md5:21cbb6caa6be41b420b28428d130a8e9	https://drive.usercontent.google.com/download?id=1JBZST6Unf0T0NABmg_D6E02kC96Nrjfd&export=download&confirm=t
tc-e5-fivedirections	data/ta1-fivedirections-2-e5-official-1.bin.30.gz		md5:64786e8a6d5f6fb598ff93431dc168ce	https://drive.usercontent.google.com/download?id=1cYA9fvV9LExWVdtdgGEFODx8f0ERu3j3&export=download&confirm=t
tc-e5-fivedirections	data/ta1-fivedirections-2-e5-official-1.bin.31.gz		md5:14364dfe315e60c9b70ac60e7e56d6cb	https://drive.usercontent.google.com/download?id=1HOe_8WDJUC2eTSVsYSavxox8dPWLGS0r&export=download&confirm=t
tc-e5-fivedirections	data/ta1-fivedirections-2-e5-official-1.bin.32.gz		md5:61194a0a7a3601075639138366ec4fdb	https://drive.usercontent.google.com/download?id=1EieOiFRLMY7v0P3oYlZSjZ2nW77tKmJs&export=download&confirm=t
tc-e5-fivedirections	data/ta1-fivedirections-2-e5-official-1.bin.33.gz		md5:840c54cbdb2c5c88e2f1c6c42154a57c	https://drive.usercontent.google.com/download?id=1GNvSotN6mxy2RfG5zu4F3pNtY_jEWbLt&export=download&confirm=t
tc-e5-fivedirections	data/ta1-fivedirections-2-e5-official-1.bin.34.gz		md5:56452b1dcb93a5d977cb32fc4da85085	https://drive.usercontent.google.com/download?id=1y4RO713AYhZaI3XY5Mz6GKXhne2ZPZsN&export=download&confirm=t
tc-e5-fivedirections	data/ta1-fivedirections-2-e5-official-1.bin.35.gz		md5:e4853c7ce410416d54aba01258e48b34	https://drive.usercontent.google.com/download?id=1JAIioYetT0M54xgHHw07nQliNuhUjNdP&export=download&confirm=t
tc-e5-fivedirections	data/ta1-fivedirections-2-e5-official-1.bin.36.gz		md5:81d7a4443a6d51a8ce5d9f6e68455b59	https://drive.usercontent.google.com/download?id=1bxrWbpQWNCUstBhKVoDkYHjzRILv8ovW&export=download&confirm=t
tc-e5-fivedirections	data/ta1-fivedirections-2-e5-official-1.bin.37.gz		md5:cff641b3d108589a16ac6491cbf47dbd	https://drive.usercontent.google.com/download?id=1-glJJTRM_tO55tfAFPzlwjAm_WO89yD4&export=download&confirm=t
tc-e5-fivedirections	data/ta1-fivedirections-2-e5-official-1.bin.38.gz		md5:486a489a1ddf43ebe84620959b1fffa6	https://drive.usercontent.google.com/download?id=1HPsjDWNs8WG_dsA_XN3DbeuLp_hYz_VB&export=download&confirm=t
tc-e5-fivedirections	data/ta1-fivedirections-2-e5-official-1.bin.39.gz		md5:b6d50041424e85449ad7840e2afb6c7f	https://drive.usercontent.google.com/download?id=1k6MnILwgm8kMKbcEZKTLm2oHbtVKOJuz&export=download&confirm=t
tc-e5-fivedirections	data/ta1-fivedirections-2-e5-official-1.bin.4.gz		md5:8458503f08d5b79af85d87797a4b9e77	https://drive.usercontent.google.com/download?id=1ORmX7fwdN_hrgl5xuGFnlhtdygLMzOTH&export=download&confirm=t
tc-e5-fivedirections	data/ta1-fivedirections-2-e5-official-1.bin.40.gz		md5:de1f381b662810d8980335932f3749d1	https://drive.usercontent.google.com/download?id=1FzoHksu4WwpGfppUb0XNnIrRQcJUoKE2&export=download&confirm=t
tc-e5-fivedirections	data/ta1-fivedirections-2-e5-official-1.bin.41.gz		md5:7875c5444f64e58365511ed41f4b0058	https://drive.usercontent.google.com/download?id=1kEVDo-7K-MHPGE80zuVWL16QUHOcIVDR&export=download&confirm=t
tc-e5-fivedirections	data/ta1-fivedirections-2-e5-official-1.bin.42.gz		md5:c0170e8417aaa1e31ae768c3b1118d42	https://drive.usercontent.google.com/download?id=16dQA2TDpHZzu7xquKC70JLqAPUKYCdLa&export=download&confirm=t
tc-e5-fivedirections	data/ta1-fivedirections-2-e5-official-1.bin.43.gz		md5:b14936ac5d86f4c61b04599c9f4b07d6	https://drive.usercontent.google.com/download?id=1JB5CDi8hrsUZqkuYeazQyimhSOuo5QwF&export=download&confirm=t
tc-e5-fivedirections	data/ta1-fivedirections-2-e5-official-1.bin.44.gz		md5:ef0380c4113c660fd4e76e6b5ab0337a	https://drive.usercontent.google.com/download?id=1U1s6PEqIXu78JISSLkJVGd62HR80Opq4&export=download&confirm=t
tc-e5-fivedirections	data/ta1-fivedirections-2-e5-official-1.bin.45.gz		md5:eb568af0b5fa416239eb9e8a9008c932	https://drive.usercontent.google.com/download?id=1nb66qpb1hl-c9tDWUZVrabHOrUSLg28j&export=download&confirm=t
tc-e5-fivedirections	data/ta1-fivedirections-2-e5-official-1.bin.46.gz		md5:3a30668473a3d9dad1c2eff446e59e6b	https://drive.usercontent.google.com/download?id=1237BaVF1fJo711G-tpS3eFZDyqGz92R8&export=download&confirm=t
tc-e5-fivedirections	data/ta1-fivedirections-2-e5-official-1.bin.47.gz		md5:ec14c1efba59ca7b5c7ef25a6f9edef0	https://drive.usercontent.google.com/download?id=1n_r1o5fJOrrlZ07YSxhuOPDvKeRls7uB&export=download&confirm=t
tc-e5-fivedirections	data/ta1-fivedirections-2-e5-official-1.bin.48.gz		md5:52e98a1bef480c4288183d84a7a2e76d	https://drive.usercontent.google.com/download?id=1yTiaI_Gyr47zLVRMGqf8PIV7zNYSRRRH&export=download&confirm=t
tc-e5-fivedirections	data/ta1-fivedirections-2-e5-official-1.bin.49.gz		md5:350a05c20f5f69e5526f76a1b09f2571	https://drive.usercontent.google.com/download?id=1As-1eNZdBHvZDz9laNEkgGXijKkcGAch&export=download&confirm=t
tc-e5-fivedirections	data/ta1-fivedirections-2-e5-official-1.bin.5.gz		md5:033fc45b743f7d74781af4124b53000b	https://drive.usercontent.google.com/download?id=1pL_NXSnK3Jopu0GwEpxmQZb4yGOnio_o&export=download&confirm=t
tc-e5-fivedirections	data/ta1-fivedirections-2-e5-official-1.bin.50.gz		md5:b8aa096cf48ef5e7f8b188e11bcfe12e	https://drive.usercontent.google.com/download?id=10zqDVkjCJP1NzMD6gganNNbRJ_PHwNSc&export=download&confirm=t
tc-e5-fivedirections	data/ta1-fivedirections-2-e5-official-1.bin.51.gz		md5:c3f723ed109b3ffc314c49857da07e84	https://drive.usercontent.google.com/download?id=1MnigW3nW0bWJL-nMcZLnXIRkQubRRkR-&export=download&confirm=t
tc-e5-fivedirections	data/ta1-fivedirections-2-e5-official-1.bin.52.gz		md5:37cc4930ad89a593d8e64b0d08303a37	https://drive.usercontent.google.com/download?id=1ImdzXOrIN5d0eoA1IBFOfYdCL3MvOtB0&export=download&confirm=t
tc-e5-fivedirections	data/ta1-fivedirections-2-e5-official-1.bin.53.gz		md5:721e1065aa749245b1c6e8a4b297fdf2	https://drive.usercontent.google.com/download?id=1FSOIWJie8NOxDX-YCtRxcykH0dvHgBBY&export=download&confirm=t
tc-e5-fivedirections	data/ta1-fivedirections-2-e5-official-1.bin.54.gz		md5:22b63a7e266dc0cf5133d6acdbdb3ed7	https://drive.usercontent.google.com/download?id=17NimLFW731ZiMxPzcWPLKbrUpj6iOUH4&export=download&confirm=t
tc-e5-fivedirections	data/ta1-fivedirections-2-e5-official-1.bin.55.gz		md5:bc093ebca2ce6c7e3e9c457a00886196	https://drive.usercontent.google.com/download?id=1ZmKlF_c6MjVCux43j2ytZChg4B_ONcyG&export=download&confirm=t
tc-e5-fivedirections	data/ta1-fivedirections-2-e5-official-1.bin.56.gz		md5:f89736dc6acd80f5493302e82f70c771	https://drive.usercontent.google.com/download?id=1LLf3VGHXL113IUThyQ_UsWNDzAT4AKr-&export=download&confirm=t
tc-e5-fivedirections	data/ta1-fivedirections-2-e5-official-1.bin.57.gz		md5:ba305452db797f86f2ad2b7f2b14fc72	https://drive.usercontent.google.com/download?id=1Z8DDBvVd1I9Nznu8AtZKKjDlpw5o3dI3&export=download&confirm=t
tc-e5-fivedirections	data/ta1-fivedirections-2-e5-official-1.bin.58.gz		md5:b1555726e2cace87d12f4b151aa43e3e	https://drive.usercontent.google.com/download?id=1rmARoPBFOBgisCLls3FOnUH-LUdyIKba&export=download&confirm=t
tc-e5-fivedirections	data/ta1-fivedirections-2-e5-official-1.bin.59.gz		md5:f46dba97f85a52ee1877f80f4d3cebb5	https://drive.usercontent.google.com/download?id=1WVR_vIPphZH1q46P_qcfVzJpSA1QlVkM&export=download&confirm=t
tc-e5-fivedirections	data/ta1-fivedirections-2-e5-official-1.bin.6.gz		md5:81194d8766c3cb7d36f2f6b8bf061873	https://drive.usercontent.google.com/download?id=1wL8NFd_je925aEIDLgDwr4rrXovz2q8j&export=download&confirm=t
tc-e5-fivedirections	data/ta1-fivedirections-2-e5-official-1.bin.60.gz		md5:99d19da9bc31fc422ac304e8be62f721	https://drive.usercontent.google.com/download?id=16yXRYL-_GRYP25H9qw6VgYDYi0SOkUXc&export=download&confirm=t
tc-e5-fivedirections	data/ta1-fivedirections-2-e5-official-1.bin.61.gz		md5:bd685812f7a1a5d3bb30f20fcdfd65c2	https://drive.usercontent.google.com/download?id=1kcf81mbLQf0mlGYQ9GRMutmrMZb_lBCo&export=download&confirm=t
tc-e5-fivedirections	data/ta1-fivedirections-2-e5-official-1.bin.62.gz		md5:0262f741c897ec52fbb5fdcf67a3ed03	https://drive.usercontent.google.com/download?id=12Ze-rOxf1aPy6SI5O7SvO9FuMG1ChYYy&export=download&confirm=t
tc-e5-fivedirections	data/ta1-fivedirections-2-e5-official-1.bin.63.gz		md5:7954e1d0a36713315a738f3f3f371ee5	https://drive.usercontent.google.com/download?id=1vwE26jgybzRxtXSGVO9mJiY3OjLjw_FJ&export=download&confirm=t
tc-e5-fivedirections	data/ta1-fivedirections-2-e5-official-1.bin.64.gz		md5:21080f2eaa8a6443a035bfc934ce01f7	https://drive.usercontent.google.com/download?id=1xpkrT8SDp7cFvP4kLeGcOUb-y4iMAHHP&export=download&confirm=t
tc-e5-fivedirections	data/ta1-fivedirections-2-e5-official-1.bin.65.gz		md5:0a7986b5a747b79dc68ea397d3b22c3e	https://drive.usercontent.google.com/download?id=1hlSnbKjZc6va8e1VWWjGHsLaNAVGSDqF&export=download&confirm=t
tc-e5-fivedirections	data/ta1-fivedirections-2-e5-official-1.bin.66.gz		md5:ede12e24048fb4dd26b90fa23275c393	https://drive.usercontent.google.com/download?id=1OIn2Ljf7l1HbNcHQ7IPHdBjdKjWzaEt1&export=download&confirm=t
tc-e5-fivedirections	data/ta1-fivedirections-2-e5-official-1.bin.67.gz		md5:e8e5dee7b11ed1d0e3eeee43aafb3c17	https://drive.usercontent.google.com/download?id=1lyfG56aQaia_TGMRM58H6GEolMm_3Amc&export=download&confirm=t
tc-e5-fivedirections	data/ta1-fivedirections-2-e5-official-1.bin.68.gz		md5:a51e7d1f0afcd4bb67deff5c1cafba50	https://drive.usercontent.google.com/download?id=1w4Io7KgFOeOV1F0hbedQPpzK451KPnL4&export=download&confirm=t
tc-e5-fivedirections	data/ta1-fivedirections-2-e5-official-1.bin.69.gz		md5:89d2abc1216b92d7725a4108ee4bae33	https://drive.usercontent.google.com/download?id=1kZxM_kHg-ZyfnIAVMOQ5PYLqSSU-YD3D&export=download&confirm=t
tc-e5-fivedirections	data/ta1-fivedirections-2-e5-official-1.bin.7.gz		md5:ea2497dae5f4cc33f9e7fd8f65fa2a4e	https://drive.usercontent.google.com/download?id=18BmZqXXgCCRiJ5gN6bsCHyupbyOFuiEf&export=download&confirm=t
tc-e5-fivedirections	data/ta1-fivedirections-2-e5-official-1.bin.70.gz		md5:1e26939f831d6660287fac2587de43c1	https://drive.usercontent.google.com/download?id=1nGDS0qnD-ynbXQcbWWoMzcORGj-7E9dJ&export=download&confirm=t
tc-e5-fivedirections	data/ta1-fivedirections-2-e5-official-1.bin.71.gz		md5:8a620a52e2fa981b21b214189efd23c8	https://drive.usercontent.google.com/download?id=17xxuL3MZKE3y3394HwviAEelUHRvY4Oo&export=download&confirm=t
tc-e5-fivedirections	data/ta1-fivedirections-2-e5-official-1.bin.72.gz		md5:762708b431bc78d564d8429a21f350bd	https://drive.usercontent.google.com/download?id=1HmHHVoKGg6I93ThrpmPQYroAan7G5Q0T&export=download&confirm=t
tc-e5-fivedirections	data/ta1-fivedirections-2-e5-official-1.bin.73.gz		md5:aac6e13aef3c9ac807a7036edaba3e39	https://drive.usercontent.google.com/download?id=1k7j4yss2hsmuD6huLiyy7QOQItMJWRO8&export=download&confirm=t
tc-e5-fivedirections	data/ta1-fivedirections-2-e5-official-1.bin.74.gz		md5:304ce404563a2324a14eadb3c3eade52	https://drive.usercontent.google.com/download?id=1jfaiUnEnrdbQaOK1stWCburEP-TGX22E&export=download&confirm=t
tc-e5-fivedirections	data/ta1-fivedirections-2-e5-official-1.bin.75.gz		md5:1d830f816e2f255d2f907b67f7bfee74	https://drive.usercontent.google.com/download?id=1OxcSe6TlK5H2En41TIauMoUrMopKLM1t&export=download&confirm=t
tc-e5-fivedirections	data/ta1-fivedirections-2-e5-official-1.bin.76.gz		md5:8407e6ce0af1d5751858cbf5c2965682	https://drive.usercontent.google.com/download?id=1cGcfF7MmXbG4iLILgOtv0wDkVehK9StO&export=download&confirm=t
tc-e5-fivedirections	data/ta1-fivedirections-2-e5-official-1.bin.77.gz		md5:f3fed7d29629ec2a9746aa27965b3385	https://drive.usercontent.google.com/download?id=1_EM9XdUvg-8k__msailsuAvyveyw8Pjt&export=download&confirm=t
tc-e5-fivedirections	data/ta1-fivedirections-2-e5-official-1.bin.78.gz		md5:52e7b89aedcbef6c3cdf1560a87713ba	https://drive.usercontent.google.com/download?id=1vu-MZ3k2DpvG-YcuvXrW6kBOx79ls12E&export=download&confirm=t
tc-e5-fivedirections	data/ta1-fivedirections-2-e5-official-1.bin.79.gz		md5:5e6a78dc404dcb108077a221e2b1d257	https://drive.usercontent.google.com/download?id=1Z0mOwE7xOpOujv90Y2yZEB7rNr8wGtoh&export=download&confirm=t
tc-e5-fivedirections	data/ta1-fivedirections-2-e5-official-1.bin.8.gz		md5:171cd49e08312c7e4ebd1ce61b63a70d	https://drive.usercontent.google.com/download?id=1MPX1Gd7x-6kBFhfFbXqd4EZjZN4dHQQf&export=download&confirm=t
tc-e5-fivedirections	data/ta1-fivedirections-2-e5-official-1.bin.80.gz		md5:93860a3530c5ec497a99ab5320452378	https://drive.usercontent.google.com/download?id=1cQGMk1s8b3sczVA8K-1tkjMOcFaVTMAi&export=download&confirm=t
tc-e5-fivedirections	data/ta1-fivedirections-2-e5-official-1.bin.81.gz		md5:c5f2b77dbda72c06d11a695ceedaa2d8	https://drive.usercontent.google.com/download?id=1s6wpDXtUyIHjMwQ7pMNFeVb3NCLoT_5n&export=download&confirm=t
tc-e5-fivedirections	data/ta1-fivedirections-2-e5-official-1.bin.82.gz		md5:f7cbe368913c2fbe7156a3a784d9a111	https://drive.usercontent.google.com/download?id=19-CqGlyHKXshqtB3mc1Pqx0ljVm-t0Zv&export=download&confirm=t
tc-e5-fivedirections	data/ta1-fivedirections-2-e5-official-1.bin.83.gz		md5:13a441ee91c7ab30f09f7f1886a0eb9e	https://drive.usercontent.google.com/download?id=1in-J5Ea4z2JhdGDDXlxEnpyS-yuZwp7N&export=download&confirm=t
tc-e5-fivedirections	data/ta1-fivedirections-2-e5-official-1.bin.84.gz		md5:5f35dbc9458bdb6a7e66ee76d1f051e0	https://drive.usercontent.google.com/download?id=1GVV-lCTQ-8CxbJ2SI4uAKlL9SdbWqsLV&export=download&confirm=t
tc-e5-fivedirections	data/ta1-fivedirections-2-e5-official-1.bin.85.gz		md5:8bac4b1bc8e513d5bb735ce8c443d578	https://drive.usercontent.google.com/download?id=1jzz42cEa3Nq7KHTx0cdsvPhM7gBTLr_8&export=download&confirm=t
tc-e5-fivedirections	data/ta1-fivedirections-2-e5-official-1.bin.86.gz		md5:76311cd3679466b9bac4857c79fc176c	https://drive.usercontent.google.com/download?id=1Qz9XHs2linrxNVHLMVkl_ok3ewbZuoFB&export=download&confirm=t
tc-e5-fivedirections	data/ta1-fivedirections-2-e5-official-1.bin.87.gz		md5:6e4c6557c6f9196c64086d78a787b827	https://drive.usercontent.google.com/download?id=1LdCg8cU3d0OhOjrFZpzETKKh_f7hIGR9&export=download&confirm=t
tc-e5-fivedirections	data/ta1-fivedirections-2-e5-official-1.bin.88.gz		md5:1a5d1940fe9d431ca3660a1ca29c0a5c	https://drive.usercontent.google.com/download?id=17VJS_M3oczaHU8yysCs47s1Vc60SQPCY&export=download&confirm=t
tc-e5-fivedirections	data/ta1-fivedirections-2-e5-official-1.bin.89.gz		md5:1999f94cce7db5e73811b51213bf1674	https://drive.usercontent.google.com/download?id=1OdratLurugEISxIFFfUwNxXQU2K15SkB&export=download&confirm=t
tc-e5-fivedirections	data/ta1-fivedirections-2-e5-official-1.bin.9.gz		md5:b0d01067a90aab0286e09c63ced61ce8	https://drive.usercontent.google.com/download?id=1PyS-sHvFpCzxH1546maxNHNjU7OVDkti&export=download&confirm=t
tc-e5-fivedirections	data/ta1-fivedirections-2-e5-official-1.bin.90.gz		md5:368cd24f89d4c79468cb62d6023ab865	https://drive.usercontent.google.com/download?id=1WS6OzLGzt8XiqY_I1_PoA8nxHUODvHUa&export=download&confirm=t
tc-e5-fivedirections	data/ta1-fivedirections-2-e5-official-1.bin.91.gz		md5:411d99f55b420907c60f91aedd49f740	https://drive.usercontent.google.com/download?id=1t0KAVXgwuq09IEyst__pOFi33RmdlyEi&export=download&confirm=t
tc-e5-fivedirections	data/ta1-fivedirections-2-e5-official-1.bin.92.gz		md5:7a22d47d0b1ecb4b1a839e5d7cd75bb8	https://drive.usercontent.google.com/download?id=1aWByJTb-mYFWyGQYra6FcGg3-zAYer3j&export=download&confirm=t
tc-e5-fivedirections	data/ta1-fivedirections-2-e5-official-1.bin.93.gz		md5:cd604a4c31548e98610beba2dd97ed5f	https://drive.usercontent.google.com/download?id=1ha32s7JrGtorlp9a5scK3UIKLr_y1Xvi&export=download&confirm=t
tc-e5-fivedirections	data/ta1-fivedirections-2-e5-official-1.bin.94.gz		md5:36796dbe96293dbcfc1d697f6ee5d070	https://drive.usercontent.google.com/download?id=1ifRwVMynxR3kStXIHtEP9AYPpzIvZHkM&export=download&confirm=t
tc-e5-fivedirections	data/ta1-fivedirections-2-e5-official-1.bin.95.gz		md5:135804f3f603e6917f56e5a05a8b3709	https://drive.usercontent.google.com/download?id=1fZNBUARMqXEzV7SbqpLJhTrOZWmxjpaE&export=download&confirm=t
tc-e5-fivedirections	data/ta1-fivedirections-2-e5-official-1.bin.96.gz		md5:8bb5e74942e5ddb67aff139c1d1922de	https://drive.usercontent.google.com/download?id=1gjEMbfn63QYpTDN76zt2C9XUziyUE6zi&export=download&confirm=t
tc-e5-fivedirections	data/ta1-fivedirections-2-e5-official-1.bin.97.gz		md5:99be7e6380d96daebdca7567030b1f83	https://drive.usercontent.google.com/download?id=1ouiQA7UTz6YE65agJZ6fB_ENOMD07a3f&export=download&confirm=t
tc-e5-fivedirections	data/ta1-fivedirections-2-e5-official-1.bin.98.gz		md5:6ec39da8b45c966823b1992c2c8aa9cc	https://drive.usercontent.google.com/download?id=179_XbaBHBZmrnAc_v5FbPRlrjUAS-lI-&export=download&confirm=t
tc-e5-fivedirections	data/ta1-fivedirections-2-e5-official-1.bin.99.gz		md5:790144d30e97d2bcee5e03f43ac63173	https://drive.usercontent.google.com/download?id=10Xk9lvqIHYV0IDa741_LhnRTE3GJ4xGN&export=download&confirm=t
tc-e5-fivedirections	data/ta1-fivedirections-2-e5-official-1.bin.gz		md5:5e2181fa6033fd43310aaa532da1b32b	https://drive.usercontent.google.com/download?id=1R4UmQVxSuizuBK4CPnmJbJVg8H9-b8L1&export=download&confirm=t
tc-e5-fivedirections	data/ta1-fivedirections-3-e5-official-1.bin.1.gz		md5:38e75584e4b9ce90bc825b898a41d95b	https://drive.usercontent.google.com/download?id=1IQbkGoKiscUTxjt6STiRWZeet_HSkE9b&export=download&confirm=t
tc-e5-fivedirections	data/ta1-fivedirections-3-e5-official-1.bin.10.gz		md5:a6d8351ae7878f834e7e3f1078dfe6fd	https://drive.usercontent.google.com/download?id=16AA_9-99tn-hRuFqzDmMRSkylI11yZ3D&export=download&confirm=t
tc-e5-fivedirections	data/ta1-fivedirections-3-e5-official-1.bin.100.gz		md5:8078e4c2a8d552bc7c3bfa02a4545382	https://drive.usercontent.google.com/download?id=1MENmb3PK2vqokxgN5EWBLcKDaen8nd6N&export=download&confirm=t
tc-e5-fivedirections	data/ta1-fivedirections-3-e5-official-1.bin.101.gz		md5:dea5519e4bb0f970e2c093112aca2d7f	https://drive.usercontent.google.com/download?id=1cgnn5c5jBinshSQkoXFITOb5Y823FSGq&export=download&confirm=t
tc-e5-fivedirections	data/ta1-fivedirections-3-e5-official-1.bin.102.gz		md5:20900721864f5d3578ab68028ab1052a	https://drive.usercontent.google.com/download?id=1crvTVrTelysjDKzMF8gdSGgheEX_XSMh&export=download&confirm=t
tc-e5-fivedirections	data/ta1-fivedirections-3-e5-official-1.bin.103.gz		md5:649087c5c7deddc0446589a95acedeb2	https://drive.usercontent.google.com/download?id=1Ac8uC5JQ7bw8wRjVdj9U6O9GttCuyztp&export=download&confirm=t
tc-e5-fivedirections	data/ta1-fivedirections-3-e5-official-1.bin.104.gz		md5:06c0f192efa0b21d3adfef6895c33d6d	https://drive.usercontent.google.com/download?id=1mDhRBJ5UkskKOqS6zwos2xtHZ0OqwN50&export=download&confirm=t
tc-e5-fivedirections	data/ta1-fivedirections-3-e5-official-1.bin.105.gz		md5:b1147cfe97a4e38f012765e195c9f151	https://drive.usercontent.google.com/download?id=1SmgN9UqAuZcTh5efL3IDKVKjOcLnnHKG&export=download&confirm=t
tc-e5-fivedirections	data/ta1-fivedirections-3-e5-official-1.bin.106.gz		md5:4cafa8baee919e3c9dbf51b5089240ea	https://drive.usercontent.google.com/download?id=1aLmrhd3GEmur2Mnmv_ZeurKgBcREykx5&export=download&confirm=t
tc-e5-fivedirections	data/ta1-fivedirections-3-e5-official-1.bin.107.gz		md5:89a79bf1fbf5edd6bd672092d10a4195	https://drive.usercontent.google.com/download?id=1YRpGCU_ZNVd-L3o9zZEGuv2eCRJG2MKp&export=download&confirm=t
tc-e5-fivedirections	data/ta1-fivedirections-3-e5-official-1.bin.108.gz		md5:983ebfe85dc3a642d0719759659e757d	https://drive.usercontent.google.com/download?id=1DmwTBXUark5JZ8QkmjE8ZrnoC6U1JZ_P&export=download&confirm=t
tc-e5-fivedirections	data/ta1-fivedirections-3-e5-official-1.bin.109.gz		md5:77921cea9ba248ca8901ba0bfd7f96d6	https://drive.usercontent.google.com/download?id=11-cphNrwPMktbBSgDumhi3ztH70ZZt1i&export=download&confirm=t
tc-e5-fivedirections	data/ta1-fivedirections-3-e5-official-1.bin.11.gz		md5:1a886f560ea65e707aa3b6927a562b72	https://drive.usercontent.google.com/download?id=1w68vVckRLy_vKWUvuO0sTE9XYwJiewsJ&export=download&confirm=t
tc-e5-fivedirections	data/ta1-fivedirections-3-e5-official-1.bin.110.gz		md5:1900f3813468d3f3da82ad94f787e423	https://drive.usercontent.google.com/download?id=1XhdPAhHZmINmlUfaFBbEAm_XL__6j-j2&export=download&confirm=t
tc-e5-fivedirections	data/ta1-fivedirections-3-e5-official-1.bin.111.gz		md5:8a4f33d2fab880936801e7c0ebd12e68	https://drive.usercontent.google.com/download?id=1dxOuYkGFJjadpOxevz3OK4GUZ2pPaRkw&export=download&confirm=t
tc-e5-fivedirections	data/ta1-fivedirections-3-e5-official-1.bin.12.gz		md5:cfe53af9cd0dff2fbe5cd5a1e6766035	https://drive.usercontent.google.com/download?id=1aBSPJVUenA0jCfvL1Cl2R66d5NVABJXJ&export=download&confirm=t
tc-e5-fivedirections	data/ta1-fivedirections-3-e5-official-1.bin.13.gz		md5:0d9ee5355cb54f6c71ace2e5e787495f	https://drive.usercontent.google.com/download?id=19o122TcQBoBUm0CWMs1ZVvr-s5a0qlZT&export=download&confirm=t
tc-e5-fivedirections	data/ta1-fivedirections-3-e5-official-1.bin.14.gz		md5:2158b991c989245358d7c044219b41c0	https://drive.usercontent.google.com/download?id=1kDmjp3S0hFf72alnyP3GaLUIfcjw3nin&export=download&confirm=t
tc-e5-fivedirections	data/ta1-fivedirections-3-e5-official-1.bin.15.gz		md5:bd7d660b2c528e09954bf036a2f4395f	https://drive.usercontent.google.com/download?id=1lP9nVJgbZKIH4HrTSSZFhSN-7w_o8DGt&export=download&confirm=t
tc-e5-fivedirections	data/ta1-fivedirections-3-e5-official-1.bin.16.gz		md5:4e85f7fee9108571fee67709907a45ca	https://drive.usercontent.google.com/download?id=1ZWQmS86VXX48eKyCNuw4WjYHmuRLe9Vv&export=download&confirm=t
tc-e5-fivedirections	data/ta1-fivedirections-3-e5-official-1.bin.17.gz		md5:f2d0fcaccea380293387bfd71afb3778	https://drive.usercontent.google.com/download?id=1dVkChQxA5fq7NzL9gWxEJZ5zgi1cQZ9v&export=download&confirm=t
tc-e5-fivedirections	data/ta1-fivedirections-3-e5-official-1.bin.18.gz		md5:4daba48067e5019a41420441972ffa5e	https://drive.usercontent.google.com/download?id=17qBdqKpmZuWOsL7ye40yxYf_oXVYLJUB&export=download&confirm=t
tc-e5-fivedirections	data/ta1-fivedirections-3-e5-official-1.bin.19.gz		md5:07f00897c91a1a7a01d9bdef46057043	https://drive.usercontent.google.com/download?id=1pMLm6vbxpo5jkUOxOfZ3T_017TelyxGP&export=download&confirm=t
tc-e5-fivedirections	data/ta1-fivedirections-3-e5-official-1.bin.2.gz		md5:3cf79430f625fac0d1643f88ce5bf952	https://drive.usercontent.google.com/download?id=1sD4JBbYpVSLbDiOh1yo96qvhgE22pdJg&export=download&confirm=t
tc-e5-fivedirections	data/ta1-fivedirections-3-e5-official-1.bin.20.gz		md5:9c8559f620a230f01e33b622d7836975	https://drive.usercontent.google.com/download?id=1sH1xEqorYuBlePl80A37XkozY5CC8kuu&export=download&confirm=t
tc-e5-fivedirections	data/ta1-fivedirections-3-e5-official-1.bin.21.gz		md5:fb3d1e345a781650524fa265d8b37826	https://drive.usercontent.google.com/download?id=1fSSOsIqqQRev0gG4iqzKGBGyTD2wc_fM&export=download&confirm=t
tc-e5-fivedirections	data/ta1-fivedirections-3-e5-official-1.bin.22.gz		md5:9cc21e30575221a6a613db44280b8fcc	https://drive.usercontent.google.com/download?id=1FFdAV8RmCjFON2QQLx6b9SPJpMzIaakc&export=download&confirm=t
tc-e5-fivedirections	data/ta1-fivedirections-3-e5-official-1.bin.23.gz		md5:540446d01155f8194050108b84897638	https://drive.usercontent.google.com/download?id=1YPuOSEzZKxdkEGk8qVdjjUEhHnLanG6U&export=download&confirm=t
tc-e5-fivedirections	data/ta1-fivedirections-3-e5-official-1.bin.24.gz		md5:a5eca4622727d028534dd8d086d2ad6e	https://drive.usercontent.google.com/download?id=1CJo5eyV5QaFK4-Hqr7f7xHybpErFTnV-&export=download&confirm=t
tc-e5-fivedirections	data/ta1-fivedirections-3-e5-official-1.bin.25.gz		md5:df1289aabf79060d3cf9ffee447638b1	https://drive.usercontent.google.com/download?id=1YOJXsdSJOlkft-kUH4yvfi-108qqRQtb&export=download&confirm=t
tc-e5-fivedirections	data/ta1-fivedirections-3-e5-official-1.bin.26.gz		md5:0383aa54497dee8adea93b44034d550f	https://drive.usercontent.google.com/download?id=14mVWKvXDV_EG1xUvNl-31f4tKwhi2q1k&export=download&confirm=t
tc-e5-fivedirections	data/ta1-fivedirections-3-e5-official-1.bin.27.gz		md5:4f8274183eba3c9ae723f62d3606b71e	https://drive.usercontent.google.com/download?id=1oh4EXAU1gRcpr9k6Bp7mhXI0E3Rs7AZT&export=download&confirm=t
tc-e5-fivedirections	data/ta1-fivedirections-3-e5-official-1.bin.28.gz		md5:41190189ceee11280d490b765b39e427	https://drive.usercontent.google.com/download?id=175voGPKkMdTW0DakqBtNfhKcdnBJyD27&export=download&confirm=t
tc-e5-fivedirections	data/ta1-fivedirections-3-e5-official-1.bin.29.gz		md5:ccfbdd9f1f0ce7d57e694b1dfb848316	https://drive.usercontent.google.com/download?id=1Pk3rM5ORkaejevmGUumXL89_5TJvFUfS&export=download&confirm=t
tc-e5-fivedirections	data/ta1-fivedirections-3-e5-official-1.bin.3.gz		md5:0a23e82117806eb196049c242d99568c	https://drive.usercontent.google.com/download?id=1eNgzRhSVSkDNEVHkXyutbecaMBt4J4kN&export=download&confirm=t
tc-e5-fivedirections	data/ta1-fivedirections-3-e5-official-1.bin.30.gz		md5:44e26b59306b5cffa5c47ce99e9841cc	https://drive.usercontent.google.com/download?id=1EOKV3dYJ6mfdrPH9z112_sXkcUPOwbwO&export=download&confirm=t
tc-e5-fivedirections	data/ta1-fivedirections-3-e5-official-1.bin.31.gz		md5:f9226dcd5682494d668cd63018d1aaff	https://drive.usercontent.google.com/download?id=1h8kHDCPi4LO9N9MDP2kVWFcRzwsJTR_f&export=download&confirm=t
tc-e5-fivedirections	data/ta1-fivedirections-3-e5-official-1.bin.32.gz		md5:a88397b05e469d4a185def7a428c1aea	https://drive.usercontent.google.com/download?id=1xLoiUN9BAQBk0DWTIEtLOonpPbLBH5pL&export=download&confirm=t
tc-e5-fivedirections	data/ta1-fivedirections-3-e5-official-1.bin.33.gz		md5:20f62a4aba022ef8af24e18b77464a63	https://drive.usercontent.google.com/download?id=1CN5jGGnVPTcdV1Z1SuFYLSa5cDQ4IZU0&export=download&confirm=t
tc-e5-fivedirections	data/ta1-fivedirections-3-e5-official-1.bin.34.gz		md5:49ce5d5e3871fbd105b0cba72aa6c6b0	https://drive.usercontent.google.com/download?id=17UpiIxe5JKF6uLsixQxOP89wSafYVq_I&export=download&confirm=t
tc-e5-fivedirections	data/ta1-fivedirections-3-e5-official-1.bin.35.gz		md5:dc09c2a45c1796b5e47e4cebf9c71aba	https://drive.usercontent.google.com/download?id=18ZDBGRHUcgPDFDY4xOV_7R7duLr335sV&export=download&confirm=t
tc-e5-fivedirections	data/ta1-fivedirections-3-e5-official-1.bin.36.gz		md5:e3c34265f97acfa04783c2928d6795c4	https://drive.usercontent.google.com/download?id=1l66i31e5Kyy7YT2UDBzWuyYubPUeWZ52&export=download&confirm=t
tc-e5-fivedirections	data/ta1-fivedirections-3-e5-official-1.bin.37.gz		md5:35a3789a82211d8c3ce0da388e615eeb	https://drive.usercontent.google.com/download?id=1VegZ6S4LaIuJnnhFq-Yelpr2Nghakclj&export=download&confirm=t
tc-e5-fivedirections	data/ta1-fivedirections-3-e5-official-1.bin.38.gz		md5:6ddad6096c1da175f99c73871647b681	https://drive.usercontent.google.com/download?id=1lbIfErhizcarb0lNh3IecwzzJAvYzqou&export=download&confirm=t
tc-e5-fivedirections	data/ta1-fivedirections-3-e5-official-1.bin.39.gz		md5:06500c508ae8dd5429ff85671e9edd9b	https://drive.usercontent.google.com/download?id=1EcfLoqOr2C8LODvjfcnvkXCu21mtr94a&export=download&confirm=t
tc-e5-fivedirections	data/ta1-fivedirections-3-e5-official-1.bin.4.gz		md5:22fb4ccabe314a40d4a1d8452b836f9f	https://drive.usercontent.google.com/download?id=175GW6Z4sD8-zvN9ZawxWlIwdk5S-8RLV&export=download&confirm=t
tc-e5-fivedirections	data/ta1-fivedirections-3-e5-official-1.bin.40.gz		md5:be8a1eb6c101bc94d17844742534af4e	https://drive.usercontent.google.com/download?id=1kBM861TzJBQgl-GAUNAAov8A9DKIEM-h&export=download&confirm=t
tc-e5-fivedirections	data/ta1-fivedirections-3-e5-official-1.bin.41.gz		md5:89532c426be0cb7e190cbaf08c80f3d7	https://drive.usercontent.google.com/download?id=18lGkCY4w1D-DYkixSfIUqny151fbpJyb&export=download&confirm=t
tc-e5-fivedirections	data/ta1-fivedirections-3-e5-official-1.bin.42.gz		md5:b4d9f253e3097068068246951ff38943	https://drive.usercontent.google.com/download?id=1kFfSlZ-Tb8teGZrMQ2L0seI9wXz7MSQ4&export=download&confirm=t
tc-e5-fivedirections	data/ta1-fivedirections-3-e5-official-1.bin.43.gz		md5:377c5155166f9efea7988e99ffad8a59	https://drive.usercontent.google.com/download?id=14zZa-mXWbaq5WTucIhjV7sywMWUbTG2B&export=download&confirm=t
tc-e5-fivedirections	data/ta1-fivedirections-3-e5-official-1.bin.44.gz		md5:952efe86a5ad1716e2310cc984736f08	https://drive.usercontent.google.com/download?id=1odvpun_EcBp4NBsHEvQNoPafTsYzUtn9&export=download&confirm=t
tc-e5-fivedirections	data/ta1-fivedirections-3-e5-official-1.bin.45.gz		md5:41e7f8a44c787c7000ff70e85ac9973f	https://drive.usercontent.google.com/download?id=17FvAzGo7Jr2ojBVCzdyOBt8DJodWFKUX&export=download&confirm=t
tc-e5-fivedirections	data/ta1-fivedirections-3-e5-official-1.bin.46.gz		md5:dc7947bac813924d605e37ac47189394	https://drive.usercontent.google.com/download?id=1_3OYdNkwXLmtOId4AM9nF0zvbjS3-lcb&export=download&confirm=t
tc-e5-fivedirections	data/ta1-fivedirections-3-e5-official-1.bin.47.gz		md5:3bb4d51591a181a6db35e88d0ce69768	https://drive.usercontent.google.com/download?id=1aV-ASr8f-xgSXSdYD1ivIGZ6Kk61bnGY&export=download&confirm=t
tc-e5-fivedirections	data/ta1-fivedirections-3-e5-official-1.bin.48.gz		md5:9ea5945c5dd08a811326be48ec9d28c9	https://drive.usercontent.google.com/download?id=1XtMpQjTLFKEwFvdzv5mpkPI4XmmNVheo&export=download&confirm=t
tc-e5-fivedirections	data/ta1-fivedirections-3-e5-official-1.bin.49.gz		md5:a0dfe4875b60fc09b9eb1c95903b6cc0	https://drive.usercontent.google.com/download?id=1sSXLH8SJJas1u3lw2Dl4EikmsAoxosZX&export=download&confirm=t
tc-e5-fivedirections	data/ta1-fivedirections-3-e5-official-1.bin.5.gz		md5:a1fea19b44b119d24e88d727ed686da4	https://drive.usercontent.google.com/download?id=1oMwyuBc_5DvKeUCq10S5LcebOVCQ126U&export=download&confirm=t
tc-e5-fivedirections	data/ta1-fivedirections-3-e5-official-1.bin.50.gz		md5:49e96bb24b67501b01ff62a0f1e8950a	https://drive.usercontent.google.com/download?id=1Dub9toQ52LvZ6mYwSrdEUbA3eQBs1mVv&export=download&confirm=t
tc-e5-fivedirections	data/ta1-fivedirections-3-e5-official-1.bin.51.gz		md5:bac33e34b1669c171d0b68ee0fe4e1a3	https://drive.usercontent.google.com/download?id=1OvPyRWUc4ZFhwBlGAXJHfbk5OX1Y9vfW&export=download&confirm=t
tc-e5-fivedirections	data/ta1-fivedirections-3-e5-official-1.bin.52.gz		md5:40e98eba4059370a704ad1e5d38e2dc9	https://drive.usercontent.google.com/download?id=1QSXzK4zMGtMeYXGKb1zMHZW1_4zUUMvb&export=download&confirm=t
tc-e5-fivedirections	data/ta1-fivedirections-3-e5-official-1.bin.53.gz		md5:bdd3571d62ab2ce73393a198fa0a1d58	https://drive.usercontent.google.com/download?id=1lbvoMS1y9Jy2_0EUc4WqSIG8hY_dHBqZ&export=download&confirm=t
tc-e5-fivedirections	data/ta1-fivedirections-3-e5-official-1.bin.54.gz		md5:da10f901bf9ff0cebede2cf23abee779	https://drive.usercontent.google.com/download?id=1WUzCTBXOecz_ccIpfkL8VVtoxMNWfsFZ&export=download&confirm=t
tc-e5-fivedirections	data/ta1-fivedirections-3-e5-official-1.bin.55.gz		md5:9b519327bd0712d120a3f69ed7713b96	https://drive.usercontent.google.com/download?id=13ZP6rn_LnWJWmj4tga47nzbXJ5XmSWx9&export=download&confirm=t
tc-e5-fivedirections	data/ta1-fivedirections-3-e5-official-1.bin.56.gz		md5:6439733dfab85b9dd0e8d712d286ceab	https://drive.usercontent.google.com/download?id=1700eXnodVPzUDj7GXBDU29aj-g9Cw2Bb&export=download&confirm=t
tc-e5-fivedirections	data/ta1-fivedirections-3-e5-official-1.bin.57.gz		md5:137df0a7b45cb1f02c9498498b9b2c10	https://drive.usercontent.google.com/download?id=1Y6ji--BEBFtOKs8tYV0S2J8farcMvF8F&export=download&confirm=t
tc-e5-fivedirections	data/ta1-fivedirections-3-e5-official-1.bin.58.gz		md5:6e683647f0e4a47c12133f012b902d00	https://drive.usercontent.google.com/download?id=1_taQB_FEoKcOEiP30hbz_Td70qm187ZA&export=download&confirm=t
tc-e5-fivedirections	data/ta1-fivedirections-3-e5-official-1.bin.59.gz		md5:a24c8109805d3ae772fcee810211b972	https://drive.usercontent.google.com/download?id=169OIhdGbP18fBBZY8x61WPq9pZRj0Qd8&export=download&confirm=t
tc-e5-fivedirections	data/ta1-fivedirections-3-e5-official-1.bin.6.gz		md5:4f2f474a6f198cf6d252370bc40c3e7d	https://drive.usercontent.google.com/download?id=1GEIZnz1_z4d3XNvm7pGSAELwxNsbdiXt&export=download&confirm=t
tc-e5-fivedirections	data/ta1-fivedirections-3-e5-official-1.bin.60.gz		md5:10aef52e98c01660c08ad0170e89c754	https://drive.usercontent.google.com/download?id=1Oj3r9V1AbMlznicqJHNKSxzehvd5EQI8&export=download&confirm=t
tc-e5-fivedirections	data/ta1-fivedirections-3-e5-official-1.bin.61.gz		md5:c4b6d1ae6d501677b86f700c8cf56346	https://drive.usercontent.google.com/download?id=10Neu9cvWvLH9rsTkW89DGFT6Bm2ZFhvb&export=download&confirm=t
tc-e5-fivedirections	data/ta1-fivedirections-3-e5-official-1.bin.62.gz		md5:be6eb03a34eff9346c0b2fe0e968fdeb	https://drive.usercontent.google.com/download?id=1aTfk4o89mrgHp9wBCJvUJ0RD9i141Ynu&export=download&confirm=t
tc-e5-fivedirections	data/ta1-fivedirections-3-e5-official-1.bin.63.gz		md5:be89a00c1a59e3a78da482d46c41acf7	https://drive.usercontent.google.com/download?id=1wK9A1q75MHE2H4phKNPv2NWPpJZj6czy&export=download&confirm=t
tc-e5-fivedirections	data/ta1-fivedirections-3-e5-official-1.bin.64.gz		md5:3746b75a86b43304475e390da4357b7b	https://drive.usercontent.google.com/download?id=1c-KbMcQSxZ-YTt2EkfAu3fsH8gv6_sEl&export=download&confirm=t
tc-e5-fivedirections	data/ta1-fivedirections-3-e5-official-1.bin.65.gz		md5:cfdfbe9c5733515c87d0a545cab74fbc	https://drive.usercontent.google.com/download?id=1EOScZyTi-dUKA0ELnhfY1m0zDeQQfm9y&export=download&confirm=t
tc-e5-fivedirections	data/ta1-fivedirections-3-e5-official-1.bin.66.gz		md5:4e8315c125bdfefb5288118603cc4520	https://drive.usercontent.google.com/download?id=1SMDfzTcA4yIe7eBiPrU9YyK0rBlYj3Ic&export=download&confirm=t
tc-e5-fivedirections	data/ta1-fivedirections-3-e5-official-1.bin.67.gz		md5:cf33a23c71f05053984e00197bc1d569	https://drive.usercontent.google.com/download?id=1N_yHkZnr0AUXxMMQKlJC379yfO6Xla06&export=download&confirm=t
tc-e5-fivedirections	data/ta1-fivedirections-3-e5-official-1.bin.68.gz		md5:89499d58f1aeb9d85a49e5d512593b65	https://drive.usercontent.google.com/download?id=1a-S8mIOK0GbaHZbtserP8u_HjJ2XpLcN&export=download&confirm=t
tc-e5-fivedirections	data/ta1-fivedirections-3-e5-official-1.bin.69.gz		md5:affc067e9ea518e8120f50146d26ac25	https://drive.usercontent.google.com/download?id=1Wpc5Qg1bOYZmyS3wkwI2LE9SAQ4iLeck&export=download&confirm=t
tc-e5-fivedirections	data/ta1-fivedirections-3-e5-official-1.bin.7.gz		md5:9e1fbead9eedbf629c185027fe1e00d6	https://drive.usercontent.google.com/download?id=1u4Fon-uVM53P2W5cm0EGHlR-jhELAJZc&export=download&confirm=t
tc-e5-fivedirections	data/ta1-fivedirections-3-e5-official-1.bin.70.gz		md5:ebd6cbf1060aadb4a482f0495af78455	https://drive.usercontent.google.com/download?id=1n-kUNm8AueyRVy0qv5ftvtRH-ZEbKjQn&export=download&confirm=t
tc-e5-fivedirections	data/ta1-fivedirections-3-e5-official-1.bin.71.gz		md5:9ad2633249b687005a8c0f2579bee4ca	https://drive.usercontent.google.com/download?id=1ESiD_7T9evPvebys6gRb-Z7lcQtu6IKc&export=download&confirm=t
tc-e5-fivedirections	data/ta1-fivedirections-3-e5-official-1.bin.72.gz		md5:f2d62ceaafb321d90fec0f87d4c75946	https://drive.usercontent.google.com/download?id=1qjd05WngabMUXW3lKCjwdlL9BfZjRz9a&export=download&confirm=t
tc-e5-fivedirections	data/ta1-fivedirections-3-e5-official-1.bin.73.gz		md5:494710f62ca2b999b7d0c3a498732a48	https://drive.usercontent.google.com/download?id=1Bzk2MpE95Gb90n-74GxiGYwE0cOzXbkf&export=download&confirm=t
tc-e5-fivedirections	data/ta1-fivedirections-3-e5-official-1.bin.74.gz		md5:2f903a481f1754d4b5a662295f9daf20	https://drive.usercontent.google.com/download?id=1-2oePPlgE9kbcdDOZ8jeCv2eEqZiLeuO&export=download&confirm=t
tc-e5-fivedirections	data/ta1-fivedirections-3-e5-official-1.bin.75.gz		md5:81be98055722cd92ed35925c6a79263e	https://drive.usercontent.google.com/download?id=1DsgLUfueNaRcLcpMx19QsUJGXNAsr6yx&export=download&confirm=t
tc-e5-fivedirections	data/ta1-fivedirections-3-e5-official-1.bin.76.gz		md5:cd43500b5763bdd6a81e407fa3c8754a	https://drive.usercontent.google.com/download?id=1lFRusceHdKpYVxQtTL-MUwosaY726Eyy&export=download&confirm=t
tc-e5-fivedirections	data/ta1-fivedirections-3-e5-official-1.bin.77.gz		md5:d8d0614ee625a7b70f170909bae3309f	https://drive.usercontent.google.com/download?id=1JHePVuyq1bs2XMwAA1p-GJkmNuIYZQpE&export=download&confirm=t
tc-e5-fivedirections	data/ta1-fivedirections-3-e5-official-1.bin.78.gz		md5:a2881bcd13469e0271295c19c6fbcfe8	https://drive.usercontent.google.com/download?id=1Yp72Ywy1ySAbF8R8zV4W7RKP-pYdSkgI&export=download&confirm=t
tc-e5-fivedirections	data/ta1-fivedirections-3-e5-official-1.bin.79.gz		md5:c3e8fa5429691551886b357bbbf78339	https://drive.usercontent.google.com/download?id=1DNf_p0J_xe9JxQi6UiGXfiNVFk90h7By&export=download&confirm=t
tc-e5-fivedirections	data/ta1-fivedirections-3-e5-official-1.bin.8.gz		md5:f86e416399d1953bc06d04a8b0e82219	https://drive.usercontent.google.com/download?id=1z5ACGpnrmNVSyWLDp5gKQRLdDjSA4gkT&export=download&confirm=t
tc-e5-fivedirections	data/ta1-fivedirections-3-e5-official-1.bin.80.gz		md5:4321450f7ffcf9098544062d2a62d917	https://drive.usercontent.google.com/download?id=1S5OP5VlYtII1kMh3BvxDlfmG5i2hLC2D&export=download&confirm=t
tc-e5-fivedirections	data/ta1-fivedirections-3-e5-official-1.bin.81.gz		md5:609a1e4b121842395224df2517bbee7b	https://drive.usercontent.google.com/download?id=1wdi90oQdEC8-E9Ap_LhVhThhc-eYU4Bd&export=download&confirm=t
tc-e5-fivedirections	data/ta1-fivedirections-3-e5-official-1.bin.82.gz		md5:4657354c874333b31e2072e2710bef3b	https://drive.usercontent.google.com/download?id=1KjmKSeKr6f9RuL_b9SaSV-EOiATY9ebg&export=download&confirm=t
tc-e5-fivedirections	data/ta1-fivedirections-3-e5-official-1.bin.83.gz		md5:06734378ebdca44b3e7a32732c55b4b6	https://drive.usercontent.google.com/download?id=1GUG5XTIdUOYsFL6YD94GZWnR1K8XtePF&export=download&confirm=t
tc-e5-fivedirections	data/ta1-fivedirections-3-e5-official-1.bin.84.gz		md5:52ad2191ec42aeb0912be1041d30ed67	https://drive.usercontent.google.com/download?id=1RjyAffabIMmwnvIrRoZCZl6D_texnsBy&export=download&confirm=t
tc-e5-fivedirections	data/ta1-fivedirections-3-e5-official-1.bin.85.gz		md5:dd408d4a6fc4f58850a9df4bfe922451	https://drive.usercontent.google.com/download?id=1L8UWeQRaETKpjf0Ae4bTDlUAbGEgZT1u&export=download&confirm=t
tc-e5-fivedirections	data/ta1-fivedirections-3-e5-official-1.bin.86.gz		md5:8d7ff99c76e328e624ef4de1c2690e46	https://drive.usercontent.google.com/download?id=1KJsbdcZge-5XVByhTxMKe21_OCP4Ugub&export=download&confirm=t
tc-e5-fivedirections	data/ta1-fivedirections-3-e5-official-1.bin.87.gz		md5:608e3c451b058e5fffdb97969893e973	https://drive.usercontent.google.com/download?id=18el21KpgXdyiQyxSY_-gCCRrV0DHjDiT&export=download&confirm=t
tc-e5-fivedirections	data/ta1-fivedirections-3-e5-official-1.bin.88.gz		md5:1e6960c2469b5d575952873d86f619d4	https://drive.usercontent.google.com/download?id=1YJDpt3Sn7IMBOWjAXJ-FqnYtGzywci78&export=download&confirm=t
tc-e5-fivedirections	data/ta1-fivedirections-3-e5-official-1.bin.89.gz		md5:7690ba3068c06a235666b6a4e6bf61d5	https://drive.usercontent.google.com/download?id=1KuwLTLEdSy92i1o-y86KutO_zLhuFp2R&export=download&confirm=t
tc-e5-fivedirections	data/ta1-fivedirections-3-e5-official-1.bin.9.gz		md5:b0d5e7ea22f032832b4dadb9ef99b3fc	https://drive.usercontent.google.com/download?id=1XpBNJ-NS9J_NNa72XF9gtG_NSjV9M0TA&export=download&confirm=t
tc-e5-fivedirections	data/ta1-fivedirections-3-e5-official-1.bin.90.gz		md5:384a3a18109be1dd439e15931e051980	https://drive.usercontent.google.com/download?id=123f754x0-rDIvOagWueAN-epp5teX59F&export=download&confirm=t
tc-e5-fivedirections	data/ta1-fivedirections-3-e5-official-1.bin.91.gz		md5:a27a6fcdbbed48f0f5ebceb9a03305fc	https://drive.usercontent.google.com/download?id=1H0IhHopJSyV6SRDo1EuLew4ko_Dwi3tW&export=download&confirm=t
tc-e5-fivedirections	data/ta1-fivedirections-3-e5-official-1.bin.92.gz		md5:8f6c5c4b1fe7db94534849e454e04ffa	https://drive.usercontent.google.com/download?id=1ttAlU9VI5JME2YZCnTmBefuLlfR8gWcQ&export=download&confirm=t
tc-e5-fivedirections	data/ta1-fivedirections-3-e5-official-1.bin.93.gz		md5:8d16432fb74732ef230bcc395c1f4f01	https://drive.usercontent.google.com/download?id=1WRyrHIrQhUYnwf79YQzuohr_HaKwvqfA&export=download&confirm=t
tc-e5-fivedirections	data/ta1-fivedirections-3-e5-official-1.bin.94.gz		md5:d2f3f21719830eb79892b37f1dd9f740	https://drive.usercontent.google.com/download?id=1MiNEKiY9ZWf1Cs5Nb0w7BzGD52ztsrlS&export=download&confirm=t
tc-e5-fivedirections	data/ta1-fivedirections-3-e5-official-1.bin.95.gz		md5:14dc2ddb9e00f1573d8c29b9e6fa01df	https://drive.usercontent.google.com/download?id=1o4wOxmzfP2LHrkiJwRl1VdKNmfPBN-Kf&export=download&confirm=t
tc-e5-fivedirections	data/ta1-fivedirections-3-e5-official-1.bin.96.gz		md5:09d02bc45dae61459a4f2ca7865506c9	https://drive.usercontent.google.com/download?id=1zYGcZ7pZz67VJoYN9rkUgmXnc_GQ8oOh&export=download&confirm=t
tc-e5-fivedirections	data/ta1-fivedirections-3-e5-official-1.bin.97.gz		md5:fecaf6a9fc3f14d99b34a4c98b746e45	https://drive.usercontent.google.com/download?id=1_zpC2AocnJ3dEbr7Bea4RaUGq1vtBy6q&export=download&confirm=t
tc-e5-fivedirections	data/ta1-fivedirections-3-e5-official-1.bin.98.gz		md5:8150bf5d31228238b7ee4dd017458403	https://drive.usercontent.google.com/download?id=1PnQfFtGRjDkbn1vzdGEL0HiGKmFGH9-U&export=download&confirm=t
tc-e5-fivedirections	data/ta1-fivedirections-3-e5-official-1.bin.99.gz		md5:f95d3cec13de966a91ce13bafc410807	https://drive.usercontent.google.com/download?id=1WMV7yARARtp2_lQkBXGTO0MULRQjFKHS&export=download&confirm=t
tc-e5-fivedirections	data/ta1-fivedirections-3-e5-official-1.bin.gz		md5:009d9c02bf575e73732be90bee12333e	https://drive.usercontent.google.com/download?id=18i2rxhG3rcjVIFR_QxLRUQKNFX6kDTPZ&export=download&confirm=t
tc-e5-marple	source/bins.md5sum	3869	sha256:e406167d8001bf1a39d2bf8923df58c180386ab2c16030bcd0a77318855a83cf	https://drive.usercontent.google.com/download?id=1joQLFJEbRm9Bx5CYJWE0GrhfWZ7Y30f8&export=download&confirm=t
tc-e5-marple	data/ta1-marple-1-e5-official-1.bin.1.gz	135134346	md5:581d9d93ae9ef4d3a9bedf83eeb637ec	https://drive.usercontent.google.com/download?id=1BiIXHyDtnqDrp7UOmrEd_HKCWRRmhg5x&export=download&confirm=t
tc-e5-marple	data/ta1-marple-1-e5-official-1.bin.10.gz	131781264	md5:339f9937b886033f49e4d6651abf6040	https://drive.usercontent.google.com/download?id=16N4IxusGGWWYUVvIG8k6jewzsYgIJAhC&export=download&confirm=t
tc-e5-marple	data/ta1-marple-1-e5-official-1.bin.11.gz	130974915	md5:18f90cca3d0be79b30f75404bedbcb97	https://drive.usercontent.google.com/download?id=14ZM7108Cg19BDwHNT5uc714tp4Iccw3d&export=download&confirm=t
tc-e5-marple	data/ta1-marple-1-e5-official-1.bin.12.gz	127827644	md5:39f07d51cba76af8f9c40d003f7ead42	https://drive.usercontent.google.com/download?id=1nmHlI1IsubHr_n8XnTqCHalD0FtEK9nr&export=download&confirm=t
tc-e5-marple	data/ta1-marple-1-e5-official-1.bin.13.gz	127729858	md5:11267bb396de0c5e5df4edd5d990a162	https://drive.usercontent.google.com/download?id=1BDPthxI8MMeL_W1VSiOH_tQ87B6wMiFV&export=download&confirm=t
tc-e5-marple	data/ta1-marple-1-e5-official-1.bin.14.gz	124257703	md5:699e8f441d9eeb59300ca41ed7acd4d2	https://drive.usercontent.google.com/download?id=1oSV1gQMsFyHo8n_1C3lyOzQXIWqEuW9P&export=download&confirm=t
tc-e5-marple	data/ta1-marple-1-e5-official-1.bin.15.gz	126929463	md5:7e11e99750f84efa07a3363c094f5c49	https://drive.usercontent.google.com/download?id=1oFsWyD0RUki5hO-hRJJreF_C22bPav-9&export=download&confirm=t
tc-e5-marple	data/ta1-marple-1-e5-official-1.bin.16.gz	42435488	md5:ea2387ec293ba131cba5689ae3b448f0	https://drive.usercontent.google.com/download?id=1THqvfUK897tTmkdhkvwagXL3UCBMLpO3&export=download&confirm=t
tc-e5-marple	data/ta1-marple-1-e5-official-1.bin.2.gz	131229668	md5:3b6e6faccba27bc991ccb3f15c8a2b63	https://drive.usercontent.google.com/download?id=1tpfQ11rWsYSXHIs90QovUWvly5cDpwq6&export=download&confirm=t
tc-e5-marple	data/ta1-marple-1-e5-official-1.bin.3.gz	132138316	md5:096bb9c02d9f57a5e3ba0e7124c6a65e	https://drive.usercontent.google.com/download?id=1EO59P6WPZmlLSzi6GmC9uFvy4F0d8NIp&export=download&confirm=t
tc-e5-marple	data/ta1-marple-1-e5-official-1.bin.4.gz	132306628	md5:2dc9341c9dcb0792a7bca0d34fc3c4a4	https://drive.usercontent.google.com/download?id=1MhSYjzJNdB9CFzOHt8sOiGbjrG61a2dE&export=download&confirm=t
tc-e5-marple	data/ta1-marple-1-e5-official-1.bin.5.gz	133351653	md5:c7cd6ead8ef178711361002643150b44	https://drive.usercontent.google.com/download?id=1wIQG-9IuM1beJoD91W4nsHEetXCtKNrr&export=download&confirm=t
tc-e5-marple	data/ta1-marple-1-e5-official-1.bin.6.gz	132883666	md5:66428c0ed07f2ebf2b4f38adaa479921	https://drive.usercontent.google.com/download?id=127pE96vAImadCxEL2lj_TZa08GZlnEgh&export=download&confirm=t
tc-e5-marple	data/ta1-marple-1-e5-official-1.bin.7.gz	130691106	md5:35c16a4ace803464832e22b524240bc4	https://drive.usercontent.google.com/download?id=1Ycwpskjh3ScKzY1gKHD3l7Ah30I7pv5X&export=download&confirm=t
tc-e5-marple	data/ta1-marple-1-e5-official-1.bin.8.gz	133720241	md5:da1351dffd302593d9cacfd09d5dc2a5	https://drive.usercontent.google.com/download?id=1xhJxvCS_4g6Gc7ypRnSs3lUG3kiCzEdO&export=download&confirm=t
tc-e5-marple	data/ta1-marple-1-e5-official-1.bin.9.gz	131106373	md5:4cebb9a2ec997ed0f77cf0c213b4d4a8	https://drive.usercontent.google.com/download?id=1ZZnM2x54b_uCfwqPWPdopJyx8rHoLPbw&export=download&confirm=t
tc-e5-marple	data/ta1-marple-1-e5-official-1.bin.gz	133800982	md5:011e73cdde12c511c87a7d669b8601be	https://drive.usercontent.google.com/download?id=1mj2FtvcCQ2k-Qm1eSxLpo4v2KF4C8gpc&export=download&confirm=t
tc-e5-marple	data/ta1-marple-2-e5-official-1.bin.1.gz	134349633	md5:42f7bab56bf6f0528594f5f74a456901	https://drive.usercontent.google.com/download?id=1W6uU5xZcZ79IEoQnYaJE9OfN5ZnAjcYQ&export=download&confirm=t
tc-e5-marple	data/ta1-marple-2-e5-official-1.bin.10.gz	129237688	md5:aedcd83ac03fa3cecec3df64e8b832b1	https://drive.usercontent.google.com/download?id=19FYEgzgfITjCuDZWC_aS7oApNl8k2YZk&export=download&confirm=t
tc-e5-marple	data/ta1-marple-2-e5-official-1.bin.11.gz	128608262	md5:0776c9ce389325bf22acf4dcb95f77e2	https://drive.usercontent.google.com/download?id=1C8wp_897GGRfA-lQ5Iop10kDnw8IICyY&export=download&confirm=t
tc-e5-marple	data/ta1-marple-2-e5-official-1.bin.12.gz	131499724	md5:722cd1efeb99c05ef295b5415dc527bd	https://drive.usercontent.google.com/download?id=1pOj1bWSlIi7KHgcq2HPjUmXssN5YqH8E&export=download&confirm=t
tc-e5-marple	data/ta1-marple-2-e5-official-1.bin.13.gz	73711689	md5:18e8428eeece316156978387688f3660	https://drive.usercontent.google.com/download?id=1Hy4HPAYil10URYUr6QcEh7S_z_sfZwQn&export=download&confirm=t
tc-e5-marple	data/ta1-marple-2-e5-official-1.bin.2.gz	133561748	md5:06c919f164d037d7588d42cddec0b58c	https://drive.usercontent.google.com/download?id=1FynBf1YEzNjUlHbbcfYbO2-QJ2orxUKu&export=download&confirm=t
tc-e5-marple	data/ta1-marple-2-e5-official-1.bin.3.gz	133573798	md5:35cea53fa96f8c69db28a45cdd5a1b39	https://drive.usercontent.google.com/download?id=1r3dNcES2Ed1LTbcOuTX5aL0UNxgq4RLQ&export=download&confirm=t
tc-e5-marple	data/ta1-marple-2-e5-official-1.bin.4.gz	129073136	md5:6f956934d60634034963198e676a48e8	https://drive.usercontent.google.com/download?id=14D4JgSeqIe0yaBzMocvz0JZPBPRqKzjL&export=download&confirm=t
tc-e5-marple	data/ta1-marple-2-e5-official-1.bin.5.gz	126533064	md5:c82fa1040ce162b2b610130f328304c5	https://drive.usercontent.google.com/download?id=1_n0dENlu4SdCTx291CmIk8uW-8oBxdqH&export=download&confirm=t
tc-e5-marple	data/ta1-marple-2-e5-official-1.bin.6.gz	125291640	md5:ad74f201fb43bcfc0f32d8bc5e34810f	https://drive.usercontent.google.com/download?id=1Qyu1mBmxinYWvpFSr4v0vkMvZUy8i8W5&export=download&confirm=t
tc-e5-marple	data/ta1-marple-2-e5-official-1.bin.7.gz	126324115	md5:23a1ae83adc9e8d583e76d39e0dc74ae	https://drive.usercontent.google.com/download?id=1hIzW2oqsxF3X4pYn1Vy6wIivFn03nrr9&export=download&confirm=t
tc-e5-marple	data/ta1-marple-2-e5-official-1.bin.8.gz	127674909	md5:5ce065af3dd1eecad7a832a2f2ac5706	https://drive.usercontent.google.com/download?id=1ae_zXpWv-iQTXVrE0rMSpLQrE8IxzfVY&export=download&confirm=t
tc-e5-marple	data/ta1-marple-2-e5-official-1.bin.9.gz	124157344	md5:667f51e64ae6ad2de28c458f7cc656a2	https://drive.usercontent.google.com/download?id=1G2Sl8zI-8C9NK_nJIx41an7WmJoLkpz9&export=download&confirm=t
tc-e5-marple	data/ta1-marple-2-e5-official-1.bin.gz	133461649	md5:b3e7f10efb7008038ffa454d9b6a03f4	https://drive.usercontent.google.com/download?id=1qWcToOn4I6wv7I2WTcwzYMK0fGMVWGDf&export=download&confirm=t
tc-e5-marple	data/ta1-marple-3-e5-official-1.bin.1.gz	127896395	md5:3d3926b526a6dc1d775d44dd067255d2	https://drive.usercontent.google.com/download?id=1TZAqsQz2ScVrcZf0HlDn8vI8hN51jnSH&export=download&confirm=t
tc-e5-marple	data/ta1-marple-3-e5-official-1.bin.10.gz	132470997	md5:4920f45f6241d37da1c4a0f5138d44e1	https://drive.usercontent.google.com/download?id=1Smq9GylbXwsektMPHvBrqY3hGhAbdj2m&export=download&confirm=t
tc-e5-marple	data/ta1-marple-3-e5-official-1.bin.11.gz	145628755	md5:bafe3bb22b046a1d8d6317da47136952	https://drive.usercontent.google.com/download?id=1GCTrokIqM_CcE39VypGYAUy19IJnFITr&export=download&confirm=t
tc-e5-marple	data/ta1-marple-3-e5-official-1.bin.12.gz	179720471	md5:9b9023a84c868fb2125d5293fc448130	https://drive.usercontent.google.com/download?id=1vrs5vP8dOg3jNswuv9Jk8M5oEJuzRchl&export=download&confirm=t
tc-e5-marple	data/ta1-marple-3-e5-official-1.bin.13.gz	129358707	md5:06e9e18e72f87dbbd31be02cd08525b7	https://drive.usercontent.google.com/download?id=1saW0OOQQiAMzKmFiaOkL5VRNrF4m3hpK&export=download&confirm=t
tc-e5-marple	data/ta1-marple-3-e5-official-1.bin.14.gz	129450120	md5:715cb4a1a6f378f5b8990e8c4893e5e4	https://drive.usercontent.google.com/download?id=18GGlWofLcgVm12knuRJeqOFhcHTAVAQd&export=download&confirm=t
tc-e5-marple	data/ta1-marple-3-e5-official-1.bin.15.gz	125884582	md5:7f6e62a014e09640824bb3fb5d202311	https://drive.usercontent.google.com/download?id=1t5jJpayfvXtoA2Ajd2k800m2I1Rqb5lZ&export=download&confirm=t
tc-e5-marple	data/ta1-marple-3-e5-official-1.bin.16.gz	127941258	md5:dbf155d21ea7774c8b45958823bba836	https://drive.usercontent.google.com/download?id=1ioegi730Miy1t4m4sRmEV3XPjUDGnd-G&export=download&confirm=t
tc-e5-marple	data/ta1-marple-3-e5-official-1.bin.17.gz	124972889	md5:a7a2c7b1db1a72e749a3c541e2c1b9b3	https://drive.usercontent.google.com/download?id=1Pbjej9xhlQ_2KqUDwuifiHQhSXFQ8sb7&export=download&confirm=t
tc-e5-marple	data/ta1-marple-3-e5-official-1.bin.18.gz	124179934	md5:a8c87f082e370f2be675158c6253f5cc	https://drive.usercontent.google.com/download?id=1oAuKhfFwIltRFkqf0-WPNEXRJdRLxZmN&export=download&confirm=t
tc-e5-marple	data/ta1-marple-3-e5-official-1.bin.19.gz		md5:c18698967b1232c8d7c8bc08bc3e665b	https://drive.usercontent.google.com/download?id=1mM5p59IB6-HqBzTy6Nslud0-H4PQ7Pax&export=download&confirm=t
tc-e5-marple	data/ta1-marple-3-e5-official-1.bin.2.gz	129964921	md5:96da52117cf824401bb8046898633070	https://drive.usercontent.google.com/download?id=1AkYdBH6AKXYI0n25XZ2gvXSsX7aij-DX&export=download&confirm=t
tc-e5-marple	data/ta1-marple-3-e5-official-1.bin.20.gz		md5:42604bee39009a54b0bcafd19606476c	https://drive.usercontent.google.com/download?id=1RQiOOATGzNE4lgfRR27hsWxAUpYULVd_&export=download&confirm=t
tc-e5-marple	data/ta1-marple-3-e5-official-1.bin.21.gz		md5:7dd41ea618d96b0687ecd273b1e4daa6	https://drive.usercontent.google.com/download?id=1GNJs6S8VKIRdyD42gDAb2FUqe2ZyjAgU&export=download&confirm=t
tc-e5-marple	data/ta1-marple-3-e5-official-1.bin.22.gz		md5:e394f9b3c0b0c169a3de0b289e308676	https://drive.usercontent.google.com/download?id=1xg0z9WsrZI3JUXOIcOZPwJ3Vxt6v77jx&export=download&confirm=t
tc-e5-marple	data/ta1-marple-3-e5-official-1.bin.23.gz		md5:d402c42ab2d716ef9afe27f82c5aac0b	https://drive.usercontent.google.com/download?id=1iZ9amAQunoW-LIMELr0r8ZCSnBlZXptq&export=download&confirm=t
tc-e5-marple	data/ta1-marple-3-e5-official-1.bin.3.gz	131096510	md5:746a973c8d2c0f0a8ece0448f0e48c81	https://drive.usercontent.google.com/download?id=1WvCt7y3PvuMPolLKHPhB4L3ykFMQEWph&export=download&confirm=t
tc-e5-marple	data/ta1-marple-3-e5-official-1.bin.4.gz	139627136	md5:4ed6ac2f3b169f95cd133b94bcb736cd	https://drive.usercontent.google.com/download?id=1GYud6FU2HOU0-uucTOpBQHuTBSLc7rFk&export=download&confirm=t
tc-e5-marple	data/ta1-marple-3-e5-official-1.bin.5.gz	140720782	md5:0913cc6ab0eb47d6d25df608034cd359	https://drive.usercontent.google.com/download?id=1bdXI2iB9Z0YVWinfw3N7HSYtamJcvbJy&export=download&confirm=t
tc-e5-marple	data/ta1-marple-3-e5-official-1.bin.6.gz	129885954	md5:4fd94a7de7a371230ba6de9b6c651eee	https://drive.usercontent.google.com/download?id=1si2MIrm4s5O8sh9tym4tiLyZd9Q1Ghj9&export=download&confirm=t
tc-e5-marple	data/ta1-marple-3-e5-official-1.bin.7.gz	128686560	md5:6d8747611646799a747f4246c23e8760	https://drive.usercontent.google.com/download?id=1xmaV8nlD9V0KXSLXwbpsDdYUfLZ6vm8j&export=download&confirm=t
tc-e5-marple	data/ta1-marple-3-e5-official-1.bin.8.gz	132022051	md5:0f5f3ed45dbe1c2ae92cc3a4e46c75bb	https://drive.usercontent.google.com/download?id=1lC7jJ24O--LdUuBUwCZ80sQ31yJOqcc5&export=download&confirm=t
tc-e5-marple	data/ta1-marple-3-e5-official-1.bin.9.gz	135022639	md5:288e333823898b2b6166df9cc0368c91	https://drive.usercontent.google.com/download?id=1vhzrTwetSPo1kbI69g5J8qWhljJuy_N5&export=download&confirm=t
tc-e5-marple	data/ta1-marple-3-e5-official-1.bin.gz		md5:70ffd27e21127ff17579e5c32074c277	https://drive.usercontent.google.com/download?id=1-YT_R9pyykFGmv8GJ3hWBNTw7RCb4kDz&export=download&confirm=t
tc-e5-theia	source/bins.md5sum	8419	sha256:15d8019690c2b443449682678e1d9c5e5577f98f63e9ec3024c6ff45c4f37b97	https://drive.usercontent.google.com/download?id=1kz00LENh68jxzrX-YNcPJAG8KcPalz5a&export=download&confirm=t
tc-e5-theia	data/ta1-theia-1-e5-official-1.bin.1.gz	246173448	md5:3a5fface533b31bd942bc461226d9b65	https://drive.usercontent.google.com/download?id=1AOdea_sKqrfEk0b306-69N3wlRZc947o&export=download&confirm=t
tc-e5-theia	data/ta1-theia-1-e5-official-1.bin.2.gz	90568497	md5:a3681645e14723d636587cdfa9b493a7	https://drive.usercontent.google.com/download?id=1Uw8uXQhjk5X5vGpdZDAHNjtM0SL_veId&export=download&confirm=t
tc-e5-theia	data/ta1-theia-1-e5-official-1.bin.gz	246872048	md5:09c0596a05c46f76ce1039341b812e0b	https://drive.usercontent.google.com/download?id=1D1Gaisk1DNi_LRkFY2J2rvj8RMaE2V_u&export=download&confirm=t
tc-e5-theia	data/ta1-theia-1-e5-official-2.bin.1.gz	282202328	md5:5a8a7208d2258bd2b4beeb0ea87a9cc6	https://drive.usercontent.google.com/download?id=1FjHd4MxEFfpuvEOwUQAc12y91jL44CcC&export=download&confirm=t
tc-e5-theia	data/ta1-theia-1-e5-official-2.bin.10.gz	277657743	md5:2e8a99574c83f35492c6d429ab9bbde3	https://drive.usercontent.google.com/download?id=1lU43T0FNGfUTQ5k6GPrzyw38V_eRd7Fn&export=download&confirm=t
tc-e5-theia	data/ta1-theia-1-e5-official-2.bin.11.gz	275423312	md5:8dd3904c2f64b3ac23f493063d486500	https://drive.usercontent.google.com/download?id=1keLoIdrMTrA5q9-rcbbNjcvz3JtHBJcm&export=download&confirm=t
tc-e5-theia	data/ta1-theia-1-e5-official-2.bin.12.gz	274365106	md5:6ec5d6ec8d02a49ed222217ec36fc061	https://drive.usercontent.google.com/download?id=1KKLaedhHfZH8exWG1EBv738NTy6jlprm&export=download&confirm=t
tc-e5-theia	data/ta1-theia-1-e5-official-2.bin.13.gz	276413500	md5:914d30f7712e2e0c4ec1591fad39537c	https://drive.usercontent.google.com/download?id=13CheZVN4WjN9baJmzXwt3kztvuFRNmcc&export=download&confirm=t
tc-e5-theia	data/ta1-theia-1-e5-official-2.bin.14.gz	275284491	md5:a284797d693f17584c6e53658b057fbc	https://drive.usercontent.google.com/download?id=1h3PgdnMqsOn05hFvvohHBwyv0j0LUJZv&export=download&confirm=t
tc-e5-theia	data/ta1-theia-1-e5-official-2.bin.15.gz	273057950	md5:24fc9a532752c773d710d762c275b29a	https://drive.usercontent.google.com/download?id=17CzToYEEtUCPnt5yQOCmWaqep95oABZX&export=download&confirm=t
tc-e5-theia	data/ta1-theia-1-e5-official-2.bin.16.gz	274084342	md5:037f7be5746f863798d9810f95b8462a	https://drive.usercontent.google.com/download?id=1D5_sSgNozfrVgN8EyFP_EwOTqLif2zFK&export=download&confirm=t
tc-e5-theia	data/ta1-theia-1-e5-official-2.bin.17.gz	272705552	md5:f2aa0424b1ab77f2e0d9e3aecb08ac7c	https://drive.usercontent.google.com/download?id=18lG6DA6cG6_3SnejotOFyxSVnaJb23TF&export=download&confirm=t
tc-e5-theia	data/ta1-theia-1-e5-official-2.bin.18.gz	274040535	md5:c7356bb6177d4e113b2097897583fd02	https://drive.usercontent.google.com/download?id=1DpeDrGmFaXjAsOI0Sd4v0hsNvr1tvH4-&export=download&confirm=t
tc-e5-theia	data/ta1-theia-1-e5-official-2.bin.19.gz	273141291	md5:480ee97acc55c0b2be4c12d28620de88	https://drive.usercontent.google.com/download?id=1Tjur483HYGT0PYRgNOxyRJfO3H9B56xy&export=download&confirm=t
tc-e5-theia	data/ta1-theia-1-e5-official-2.bin.2.gz	280442218	md5:31e33e193677f57d1b56e37947aa93f2	https://drive.usercontent.google.com/download?id=1aOC1I-EoqwjckI5hPWf2ga56uDicp9Yf&export=download&confirm=t
tc-e5-theia	data/ta1-theia-1-e5-official-2.bin.20.gz	273809834	md5:2ac6c3affa1d22f604e7df4221815193	https://drive.usercontent.google.com/download?id=1tVmO_ZsHthLC6NgJVac9tfN46flv06St&export=download&confirm=t
tc-e5-theia	data/ta1-theia-1-e5-official-2.bin.21.gz	271033774	md5:5be78d0777092c36a1bbc36ad818b05d	https://drive.usercontent.google.com/download?id=1s7_T43AuwBs8Zf5eEaEaDA6-Zj4cqL_c&export=download&confirm=t
tc-e5-theia	data/ta1-theia-1-e5-official-2.bin.22.gz	276105892	md5:b9878fb7969bb6ba5154adf8ce1adcee	https://drive.usercontent.google.com/download?id=1jcHXx6-djCYNOKY9vkmpW2E0uf8wvcBd&export=download&confirm=t
tc-e5-theia	data/ta1-theia-1-e5-official-2.bin.23.gz	277575584	md5:bb372781cafbce711cf7396c892adf6e	https://drive.usercontent.google.com/download?id=1ALOjuqLOd_RnxRp52u54Xu2EFH3w_A5G&export=download&confirm=t
tc-e5-theia	data/ta1-theia-1-e5-official-2.bin.24.gz	275014038	md5:c5c6a7400df7efcd58889594b9ac38d6	https://drive.usercontent.google.com/download?id=1hRb1R5A7I0slL6I3_tn_YQZe7JWpOlMw&export=download&confirm=t
tc-e5-theia	data/ta1-theia-1-e5-official-2.bin.25.gz	279648451	md5:053f98cd1d816dce84119c62b835f96e	https://drive.usercontent.google.com/download?id=1H5PvnKYNp_uD3AIc8MtET-XhCenZX9Xa&export=download&confirm=t
tc-e5-theia	data/ta1-theia-1-e5-official-2.bin.26.gz	282332243	md5:66fee94f18e62d42d76d970b73e4ef8a	https://drive.usercontent.google.com/download?id=1W2dd5m81936-_DGjR7owVZ-LSk1ukc6n&export=download&confirm=t
tc-e5-theia	data/ta1-theia-1-e5-official-2.bin.27.gz	278894637	md5:7067827fd779337351b0e7423e606f95	https://drive.usercontent.google.com/download?id=1RExxEDxc5_fhl4KuDp3MtsrTcg8XolPe&export=download&confirm=t
tc-e5-theia	data/ta1-theia-1-e5-official-2.bin.28.gz	273036716	md5:77015e2b76d8f1202f82113583d47f50	https://drive.usercontent.google.com/download?id=1ZYhzNhTGff2ucf1C_sibZ-Gduxz06mSh&export=download&confirm=t
tc-e5-theia	data/ta1-theia-1-e5-official-2.bin.29.gz	278641843	md5:ebb5a52d08b14c509164d57970ac10a8	https://drive.usercontent.google.com/download?id=1gGiJ_ZDR0sUZ2BvytGiCjGJPq-1nxMD-&export=download&confirm=t
tc-e5-theia	data/ta1-theia-1-e5-official-2.bin.3.gz	281321851	md5:fd56c9410a6f3076b46f8e1549ad5271	https://drive.usercontent.google.com/download?id=1630aMqEi9dj4Wnx07yn7VBBpUWbnWwjR&export=download&confirm=t
tc-e5-theia	data/ta1-theia-1-e5-official-2.bin.30.gz	278365324	md5:03154de25802ffb5bea09e1ac594c6a2	https://drive.usercontent.google.com/download?id=1fEcv2vt7mqUUonQCGizwedmdnSqLaK-k&export=download&confirm=t
tc-e5-theia	data/ta1-theia-1-e5-official-2.bin.31.gz	276464378	md5:3f1d62e22569ec28dd7f140c62144b3b	https://drive.usercontent.google.com/download?id=1F4TcKsZiu77W18CWNrkTb4dNbb1K8Vvw&export=download&confirm=t
tc-e5-theia	data/ta1-theia-1-e5-official-2.bin.32.gz	274094759	md5:8f31c4261b1e3ee13aa610fe13eec5d3	https://drive.usercontent.google.com/download?id=1XozqwGMWgN1vceUTWJm1ofZUN-MnhXHd&export=download&confirm=t
tc-e5-theia	data/ta1-theia-1-e5-official-2.bin.33.gz	270195434	md5:cce2752483e4c464fdef83f770057dca	https://drive.usercontent.google.com/download?id=1PI4zHJrYVwCuu3JuV8XYNxK4wUgiNBhz&export=download&confirm=t
tc-e5-theia	data/ta1-theia-1-e5-official-2.bin.34.gz	275816198	md5:2faa4ad91aa086386d84afa83ed7eedb	https://drive.usercontent.google.com/download?id=19GEPFAK3QhpMcQNJzwq3KUcr-pIS6UNG&export=download&confirm=t
tc-e5-theia	data/ta1-theia-1-e5-official-2.bin.35.gz	276985938	md5:917f1598cb8098b5c7e979035795dce4	https://drive.usercontent.google.com/download?id=14Cq-uVKRe7Za7_UenP8YO6MK4xEldTLX&export=download&confirm=t
tc-e5-theia	data/ta1-theia-1-e5-official-2.bin.36.gz	275429876	md5:631979982c03de3e1dbc3f9a57bd8569	https://drive.usercontent.google.com/download?id=1p-_T9JCRbGfmVRNxjWbq2Mz9zMtXjYjF&export=download&confirm=t
tc-e5-theia	data/ta1-theia-1-e5-official-2.bin.37.gz	276378502	md5:218cc59ab09d0b1489eaace018e2ffea	https://drive.usercontent.google.com/download?id=1FB7HbtR7mJCO84FDNHgnTnssCKjyvCZj&export=download&confirm=t
tc-e5-theia	data/ta1-theia-1-e5-official-2.bin.38.gz	276995285	md5:b4c7f2ff2b97f0979016017a0541c9ab	https://drive.usercontent.google.com/download?id=1KWQ2gROqDj_t-JOzzFvulHnXI5ygnxhx&export=download&confirm=t
tc-e5-theia	data/ta1-theia-1-e5-official-2.bin.39.gz	44871040	md5:ef22737aa661125a0c47fce67d2bd282	https://drive.usercontent.google.com/download?id=1QYBkITkhnAoTbRZbgRuhTfdUJ1MQPy0t&export=download&confirm=t
tc-e5-theia	data/ta1-theia-1-e5-official-2.bin.4.gz	281649236	md5:7f142e87128f5b7b1f3f8469c1c72870	https://drive.usercontent.google.com/download?id=1-QuY8tv4IQgjdFhKav5uJq3OBJClFoFJ&export=download&confirm=t
tc-e5-theia	data/ta1-theia-1-e5-official-2.bin.5.gz	268978158	md5:58814d10465bb805936980be5b1b044e	https://drive.usercontent.google.com/download?id=1VJYlDh92cIObgGgoS04cmBZbB1I_JFzJ&export=download&confirm=t
tc-e5-theia	data/ta1-theia-1-e5-official-2.bin.6.gz	276725028	md5:4133948c540ce67b8a249df34c8d8bca	https://drive.usercontent.google.com/download?id=1PwjdbNPAtF4h-GQeWMf2FYL8D71sRKfc&export=download&confirm=t
tc-e5-theia	data/ta1-theia-1-e5-official-2.bin.7.gz	276907278	md5:1f21422e89210f0ccdd2bffee32692ec	https://drive.usercontent.google.com/download?id=1P1PQ1W5KGn5BPWI5s8VO4B0TlTwgTjEL&export=download&confirm=t
tc-e5-theia	data/ta1-theia-1-e5-official-2.bin.8.gz	279283517	md5:6dc45b1563cfd3126fc5e8e03b3a1b6e	https://drive.usercontent.google.com/download?id=1OX_-E0AHWFK-KZWGRrXSBJxtw-n9RqH4&export=download&confirm=t
tc-e5-theia	data/ta1-theia-1-e5-official-2.bin.9.gz	275092913	md5:af434882f365e48072850f885c73fd33	https://drive.usercontent.google.com/download?id=125ox8KUESU1htD7JMIEZsC36-aBE4CWB&export=download&confirm=t
tc-e5-theia	data/ta1-theia-1-e5-official-2.bin.gz	271171805	md5:3461ce65d4cb462c285c4a26b4d5e56d	https://drive.usercontent.google.com/download?id=1eMHBfpYLWErgvNAntv_VOM9OJy1mma_R&export=download&confirm=t
tc-e5-theia	data/ta1-theia-2-e5-official-1.bin.1.gz	246174161	md5:133a460d9d9d96bb4199b2eeda6e0437	https://drive.usercontent.google.com/download?id=16NHewCd44pXe0X4YfUXy5MB5qtEQuI08&export=download&confirm=t
tc-e5-theia	data/ta1-theia-2-e5-official-1.bin.2.gz	185127388	md5:d4a86fc82d1d5dadf1c3715491bccc51	https://drive.usercontent.google.com/download?id=10ZxFLhtZUI9Gk2FA1O3L_reXXnvEJoCf&export=download&confirm=t
tc-e5-theia	data/ta1-theia-2-e5-official-1.bin.gz	246860663	md5:5db0b2985e2fea3122f3f3be0c00aaf5	https://drive.usercontent.google.com/download?id=1XfOWlxJTOnF2Ewkjc8Q7Y-sn0URyA2ts&export=download&confirm=t
tc-e5-theia	data/ta1-theia-2-e5-official-2.bin.1.gz		md5:49c89cb0f7352cd4c0674491f521ad33	https://drive.usercontent.google.com/download?id=1vBtVeVORbHFGj1KiB7MvFMWaQZ5f3mlb&export=download&confirm=t
tc-e5-theia	data/ta1-theia-2-e5-official-2.bin.10.gz		md5:b2ba1aa98a71bd272f880cbbcde0ed27	https://drive.usercontent.google.com/download?id=1Ed52mm5gcbG5mSFjl9NMK4dYF2Xszj8s&export=download&confirm=t
tc-e5-theia	data/ta1-theia-2-e5-official-2.bin.11.gz		md5:4f4edec1f677b7dfbe6f6ecee2c4588f	https://drive.usercontent.google.com/download?id=1dhV9VV_Yf8tcS3qsd_ei6C4Yltk7w2pj&export=download&confirm=t
tc-e5-theia	data/ta1-theia-2-e5-official-2.bin.12.gz		md5:25738ede81308ecd9893e4a2aa35ea90	https://drive.usercontent.google.com/download?id=13zYG_mwxMnVA1iK0Y-f_hMWX9LUrPwvj&export=download&confirm=t
tc-e5-theia	data/ta1-theia-2-e5-official-2.bin.13.gz		md5:ce8405de43d7927377f7392b3d4baf45	https://drive.usercontent.google.com/download?id=1oVS9omD2AdpWuCegWvHfjcB4IqVRo6Z7&export=download&confirm=t
tc-e5-theia	data/ta1-theia-2-e5-official-2.bin.14.gz		md5:f1aa494258f0bf0f67749c520ff44d5a	https://drive.usercontent.google.com/download?id=1Fsg-p2-Y_X07_Xv2uOoXPqxk7GOAq3bS&export=download&confirm=t
tc-e5-theia	data/ta1-theia-2-e5-official-2.bin.15.gz		md5:ead90fd027a288c0b805dd71104d3bda	https://drive.usercontent.google.com/download?id=1TCriGqBzAZrWiXKBRMMasC-HDfw6FAKV&export=download&confirm=t
tc-e5-theia	data/ta1-theia-2-e5-official-2.bin.16.gz		md5:b4362d34d631850f7fc3da458fa37002	https://drive.usercontent.google.com/download?id=1X0uygf1v71pyyIdDCerHk8U_b0APuwL0&export=download&confirm=t
tc-e5-theia	data/ta1-theia-2-e5-official-2.bin.17.gz		md5:29348d93cddb50f619db6e02e8933b7e	https://drive.usercontent.google.com/download?id=1nWPmnCA0NZ9C41W8s-hPYq9sBIGUw0Pj&export=download&confirm=t
tc-e5-theia	data/ta1-theia-2-e5-official-2.bin.18.gz		md5:539fe75c7a75c059586bb2eb3355f573	https://drive.usercontent.google.com/download?id=1BFfpQhmgovj5GgjUr0feryZjP-dACuoY&export=download&confirm=t
tc-e5-theia	data/ta1-theia-2-e5-official-2.bin.19.gz		md5:cd93164870af6960c1ab3cf513ec8d7e	https://drive.usercontent.google.com/download?id=1LXypvYyGvkUs0diXUGl2nKMuP5XxRF7Q&export=download&confirm=t
tc-e5-theia	data/ta1-theia-2-e5-official-2.bin.2.gz		md5:f4050f385a540b6e600483bb103cb647	https://drive.usercontent.google.com/download?id=1hBGKK_f2AT3fTgeiFCHNQO2N4qQ_l8XS&export=download&confirm=t
tc-e5-theia	data/ta1-theia-2-e5-official-2.bin.20.gz		md5:7de2d209c6ae841e9c3ea4e3d66f74a5	https://drive.usercontent.google.com/download?id=1jHD_zarNOUKtygPGs8fyYiOjGemIDcSK&export=download&confirm=t
tc-e5-theia	data/ta1-theia-2-e5-official-2.bin.21.gz		md5:479808e6970849e4af0d52a62c2dc4bd	https://drive.usercontent.google.com/download?id=1EsUQZggmoKmLxDbMCYm5BJ9TxLUyzt4e&export=download&confirm=t
tc-e5-theia	data/ta1-theia-2-e5-official-2.bin.22.gz		md5:94c30d64cd3ea17455720334c5aaafc5	https://drive.usercontent.google.com/download?id=1G4u9EytaIstWi-swvgJ64zEF_CYkU9kN&export=download&confirm=t
tc-e5-theia	data/ta1-theia-2-e5-official-2.bin.23.gz		md5:85430c3b3ec5900fad863a54314ce9e2	https://drive.usercontent.google.com/download?id=1tNfKbZpwwYzU6PXLf6qUnRx7LIwIfnGZ&export=download&confirm=t
tc-e5-theia	data/ta1-theia-2-e5-official-2.bin.24.gz		md5:44df0592a5a46fb9bcca11cce77ed2d6	https://drive.usercontent.google.com/download?id=1KeCWYx8Ljdj7x0-Yuazs7WcjM6I4rT_8&export=download&confirm=t
tc-e5-theia	data/ta1-theia-2-e5-official-2.bin.25.gz		md5:2d921e6de581774314d80376257b766f	https://drive.usercontent.google.com/download?id=1iwlgoDr9-Y3IySJ9Z_P78cgJ4sKUkibA&export=download&confirm=t
tc-e5-theia	data/ta1-theia-2-e5-official-2.bin.26.gz		md5:ad8f0b4954ffd0a44fcc32c25a58afe0	https://drive.usercontent.google.com/download?id=1RSOUqdCv7WYY7ZFVfw8iKVJgQYGYisVC&export=download&confirm=t
tc-e5-theia	data/ta1-theia-2-e5-official-2.bin.27.gz		md5:3ebc1407e6b583821d17edc929d2d7d8	https://drive.usercontent.google.com/download?id=1sTdM3WGpo5vtbE0rTHCZ08-AIoVo0HfQ&export=download&confirm=t
tc-e5-theia	data/ta1-theia-2-e5-official-2.bin.28.gz		md5:b68e07cc34b0ebae8cffd0e48eddfe3e	https://drive.usercontent.google.com/download?id=1Fmkm-QG7FfkK3CTawFKfcwHhIOvc2mHN&export=download&confirm=t
tc-e5-theia	data/ta1-theia-2-e5-official-2.bin.29.gz		md5:7bc4087d164fc208b8727d96d7b985e9	https://drive.usercontent.google.com/download?id=1ciYfrTuFOKyGDVszGJbCLmb74_pB04gJ&export=download&confirm=t
tc-e5-theia	data/ta1-theia-2-e5-official-2.bin.3.gz		md5:5e2324d3cbf4cca623cb52d56a4c216f	https://drive.usercontent.google.com/download?id=1vpku6W1HcjlchxzZbpzI6cFbe6cWZxLo&export=download&confirm=t
tc-e5-theia	data/ta1-theia-2-e5-official-2.bin.30.gz		md5:c8ed7c2c53002273fbc76c235b520168	https://drive.usercontent.google.com/download?id=1Mqep-ImelOwaMAdUrNCK3YlFsENwkDih&export=download&confirm=t
tc-e5-theia	data/ta1-theia-2-e5-official-2.bin.31.gz		md5:b76123a1fad90144d51d194b916fa087	https://drive.usercontent.google.com/download?id=1KpxMlaydvj04Oa85C7FEft9fcVp7Bef-&export=download&confirm=t
tc-e5-theia	data/ta1-theia-2-e5-official-2.bin.32.gz		md5:b8c529aa621ec8bc6b3f157d64cf3f2f	https://drive.usercontent.google.com/download?id=1Rd9unpmkgrBkg_7bOYQhwdsOCyjyMhTC&export=download&confirm=t
tc-e5-theia	data/ta1-theia-2-e5-official-2.bin.33.gz		md5:e6ca2ab1369872e0ab51f146d712e86d	https://drive.usercontent.google.com/download?id=1uX5lM8lpi1Oc5z2O-UXm-4pmycBcM4f_&export=download&confirm=t
tc-e5-theia	data/ta1-theia-2-e5-official-2.bin.34.gz		md5:a758477564c12b01438e75e0b4657147	https://drive.usercontent.google.com/download?id=1d2CycQQQFh8QC231N8aElMwcKrguCwGS&export=download&confirm=t
tc-e5-theia	data/ta1-theia-2-e5-official-2.bin.35.gz		md5:b96cb3da8714998e6fb9720ac7daed74	https://drive.usercontent.google.com/download?id=1Ba8gwS6CS58P5ifl6p7grg7W3zK5ZEdg&export=download&confirm=t
tc-e5-theia	data/ta1-theia-2-e5-official-2.bin.36.gz		md5:6ce15a54ac4e8ebf5516626bfbda0b33	https://drive.usercontent.google.com/download?id=1ApHjTix-wVoi83t5CMxBRjjw5bFDs5PV&export=download&confirm=t
tc-e5-theia	data/ta1-theia-2-e5-official-2.bin.37.gz		md5:2759b875b3d859d0bb256fbb5da7896a	https://drive.usercontent.google.com/download?id=1KPDStrFn4dZepmSs193uDNWTR92zVvSJ&export=download&confirm=t
tc-e5-theia	data/ta1-theia-2-e5-official-2.bin.38.gz		md5:7e3d1c4859161ac48d72ab17ceb739bc	https://drive.usercontent.google.com/download?id=1NUAVp14r9xXtnoPpeAAHXTwQM7CAlLQU&export=download&confirm=t
tc-e5-theia	data/ta1-theia-2-e5-official-2.bin.39.gz		md5:9d389cfe0e9885cddb8911fa2b1304df	https://drive.usercontent.google.com/download?id=1S-Mn6t2ea_w9nolGH0G1Uu69WsQ1mVB9&export=download&confirm=t
tc-e5-theia	data/ta1-theia-2-e5-official-2.bin.4.gz		md5:2727501e3824b7d8cbcdadaced2b79ca	https://drive.usercontent.google.com/download?id=1BxXGF6scUQTO2G_lav7WCRZpBrAoK25Z&export=download&confirm=t
tc-e5-theia	data/ta1-theia-2-e5-official-2.bin.40.gz		md5:cfc740865981cf703360f5ec50772d17	https://drive.usercontent.google.com/download?id=1jwID1KQCqTgHwJBAyOsmkVxkQeTPiLgm&export=download&confirm=t
tc-e5-theia	data/ta1-theia-2-e5-official-2.bin.41.gz		md5:84fd76dcefe72f54fe482858f0227dfe	https://drive.usercontent.google.com/download?id=1a_EIRuRO0Sn1qYoBpKUCVNC87mhDkfI6&export=download&confirm=t
tc-e5-theia	data/ta1-theia-2-e5-official-2.bin.5.gz		md5:f4697a8b080cfd5ea1134f3fbc7fd061	https://drive.usercontent.google.com/download?id=1SPB-J_-vS0jHlxtcR92QwS3KDob8L15B&export=download&confirm=t
tc-e5-theia	data/ta1-theia-2-e5-official-2.bin.6.gz		md5:e9e7bc8ad6e025cf202bc0beda73f0cd	https://drive.usercontent.google.com/download?id=17dU4CqgJfyOsKw_V5zu1PpQ8xlx7XJ66&export=download&confirm=t
tc-e5-theia	data/ta1-theia-2-e5-official-2.bin.7.gz		md5:dfbab6666671df813171db9e1dc8c930	https://drive.usercontent.google.com/download?id=1XFvkCGFuu8nxyUrjR7xqpzgmwESSmqV7&export=download&confirm=t
tc-e5-theia	data/ta1-theia-2-e5-official-2.bin.8.gz		md5:e5f888a61d2387d2cc889e13af736890	https://drive.usercontent.google.com/download?id=1wbZOLJY4i9MYdFxaQINEt3WP2OIy0r5Z&export=download&confirm=t
tc-e5-theia	data/ta1-theia-2-e5-official-2.bin.9.gz		md5:31e334d4c49c25b4c18d14a5e27f020e	https://drive.usercontent.google.com/download?id=12m3Rlys01AA6dlTe-F8FqImF2nuu717l&export=download&confirm=t
tc-e5-theia	data/ta1-theia-2-e5-official-2.bin.gz		md5:e8d48a4b6ddf1f06bddbaace146501f0	https://drive.usercontent.google.com/download?id=1bZdQbQsHUWy5kuy6dREPiCez2JWD7S0w&export=download&confirm=t
tc-e5-theia	data/ta1-theia-3-e5-official-1.bin.1.gz		md5:99ac43a44e3e3e8e69c9fc1a9eb3fe23	https://drive.usercontent.google.com/download?id=1uE1y5l2Twe2jxMrnY7EDRd8WIbvF_9Yu&export=download&confirm=t
tc-e5-theia	data/ta1-theia-3-e5-official-1.bin.2.gz		md5:99a931de5a95647a2cf16681157b79cf	https://drive.usercontent.google.com/download?id=1CUE_M5m42MHuSTzS9dLaOvzW69SLPlcv&export=download&confirm=t
tc-e5-theia	data/ta1-theia-3-e5-official-1.bin.gz		md5:9f46c0a0c9ae7f1f7f9e233dd19b309e	https://drive.usercontent.google.com/download?id=1QvX8vF4dpfw9NaOUX24yrguZL_Cjd1LN&export=download&confirm=t
tc-e5-theia	data/ta1-theia-3-e5-official-2.bin.1.gz		md5:db96364dbf63941d9c5db77a4e89693b	https://drive.usercontent.google.com/download?id=1SY10yMWVCc_kf1cFQjTTfWDbGQgPCw4w&export=download&confirm=t
tc-e5-theia	data/ta1-theia-3-e5-official-2.bin.10.gz		md5:b27273cd90b911d887a11dd119b3f8d2	https://drive.usercontent.google.com/download?id=1qiAyWu6GhKIcT3DTwMFLC_oBTeqgTGkG&export=download&confirm=t
tc-e5-theia	data/ta1-theia-3-e5-official-2.bin.11.gz		md5:c4f4b1f0b5d87afa47c146297d9522f1	https://drive.usercontent.google.com/download?id=1j7yuqyLAQRfFtorKjf-06XozXlVssFR9&export=download&confirm=t
tc-e5-theia	data/ta1-theia-3-e5-official-2.bin.12.gz		md5:91b6d6e07975e21d24819424d1b4fa07	https://drive.usercontent.google.com/download?id=1G58rCvhPuu-vpF_Mpt0PEGXlx3hPLDyS&export=download&confirm=t
tc-e5-theia	data/ta1-theia-3-e5-official-2.bin.13.gz		md5:55700e2fdc3faa980864d443ad572e02	https://drive.usercontent.google.com/download?id=1s4r7ylaDVbDfyuG9bkZIERDIwKKQ5r1J&export=download&confirm=t
tc-e5-theia	data/ta1-theia-3-e5-official-2.bin.14.gz		md5:ef5eac43d9a193273dab8e7ad7276c79	https://drive.usercontent.google.com/download?id=1HJOjsQQm8fPvgb_qypw3Kcd3twTxQgaL&export=download&confirm=t
tc-e5-theia	data/ta1-theia-3-e5-official-2.bin.15.gz		md5:615cda0bcd89e5831e05fa1ed36f407d	https://drive.usercontent.google.com/download?id=1bDINgJc_YVQhG7BgYdTSzWXhriXsalpc&export=download&confirm=t
tc-e5-theia	data/ta1-theia-3-e5-official-2.bin.16.gz		md5:9e731b9d00cf0dc534bdc8615b5f12a3	https://drive.usercontent.google.com/download?id=1HbVoLeEfi2WXvdx8Ft5YOHRZx51Fr75m&export=download&confirm=t
tc-e5-theia	data/ta1-theia-3-e5-official-2.bin.17.gz		md5:c29cde122c60aaa37d540fd3d9c75231	https://drive.usercontent.google.com/download?id=1mxEECmgDKwJmMpM3yxjxAZrtefHqQvIL&export=download&confirm=t
tc-e5-theia	data/ta1-theia-3-e5-official-2.bin.18.gz		md5:a18c9b60dbe54ff69151d031d727fa14	https://drive.usercontent.google.com/download?id=1zv4Yb_bg-A3WO1c-HiFrjM9pG-0xF-l2&export=download&confirm=t
tc-e5-theia	data/ta1-theia-3-e5-official-2.bin.19.gz		md5:d176243cb4002ad7d0607b5f2b27e087	https://drive.usercontent.google.com/download?id=197A0lGAcW8xBmU6KzKoI6KJDNlobnHW3&export=download&confirm=t
tc-e5-theia	data/ta1-theia-3-e5-official-2.bin.2.gz		md5:dcfc2a37949a895b905eea9bd152e0c3	https://drive.usercontent.google.com/download?id=1UYDWgt-V_ZbdVwdQVOfbVnPGH2vDGdyX&export=download&confirm=t
tc-e5-theia	data/ta1-theia-3-e5-official-2.bin.20.gz		md5:97427af80732f0375c16394f2162a6b0	https://drive.usercontent.google.com/download?id=1eirSwcBneslHwUHfh2sCyXbCfiylFbsZ&export=download&confirm=t
tc-e5-theia	data/ta1-theia-3-e5-official-2.bin.21.gz		md5:1ec6e0bc30c809afa083e938323a2544	https://drive.usercontent.google.com/download?id=1x5UtEM_wzAhA4kVH4J3J_PZ-iaoVOqJs&export=download&confirm=t
tc-e5-theia	data/ta1-theia-3-e5-official-2.bin.22.gz		md5:cecaf1008cd3696bfb57efd18afd53bd	https://drive.usercontent.google.com/download?id=1sN97vjk75vK-l62e8sIO2gf5vISCP2v2&export=download&confirm=t
tc-e5-theia	data/ta1-theia-3-e5-official-2.bin.23.gz		md5:b86b4b2992d0b529cee2850c754a9998	https://drive.usercontent.google.com/download?id=1q76joQsCkYAWL4OYCYw0hOPcs2qFep9E&export=download&confirm=t
tc-e5-theia	data/ta1-theia-3-e5-official-2.bin.24.gz		md5:48de4ad7ad631a4e5bf8cc9f24e15651	https://drive.usercontent.google.com/download?id=1Jz2WbkrFZ1gdcKqkZtngs5L9bo4ZFPHm&export=download&confirm=t
tc-e5-theia	data/ta1-theia-3-e5-official-2.bin.25.gz		md5:b2d42752ea5d6648132c6284fa442026	https://drive.usercontent.google.com/download?id=1xhg_sV65eH-AtWv7Oeu0pNJFSTNqW-eN&export=download&confirm=t
tc-e5-theia	data/ta1-theia-3-e5-official-2.bin.26.gz		md5:f51dc805326aab274a24da4b82c1f55a	https://drive.usercontent.google.com/download?id=1HTpnuoa4YchfhOIsIDDAX4yOJJ7GD86t&export=download&confirm=t
tc-e5-theia	data/ta1-theia-3-e5-official-2.bin.27.gz		md5:7cea74375913a04e48f9b533df92fc5a	https://drive.usercontent.google.com/download?id=1Z4sQLpYSzj0dFDcYFHKdpU6JkgfsuVsg&export=download&confirm=t
tc-e5-theia	data/ta1-theia-3-e5-official-2.bin.28.gz		md5:bfd798c6453c8cf2d28d843ac769a463	https://drive.usercontent.google.com/download?id=1w_3FQEEyruGM_oU6A5GeOKudlitsnz2a&export=download&confirm=t
tc-e5-theia	data/ta1-theia-3-e5-official-2.bin.29.gz		md5:96eab801ef2e99e62fbac371735be2bc	https://drive.usercontent.google.com/download?id=1bRl_WeJZtd4QzZ7ZPaSbPc7BmLv5Ie6M&export=download&confirm=t
tc-e5-theia	data/ta1-theia-3-e5-official-2.bin.3.gz		md5:8db6e8c398f0debe272029d6d01ba196	https://drive.usercontent.google.com/download?id=15cwqEKSZN47mjO9ID5LDf1_6Q86Thuw9&export=download&confirm=t
tc-e5-theia	data/ta1-theia-3-e5-official-2.bin.4.gz		md5:58e886e697d1942c5f68fd001f955702	https://drive.usercontent.google.com/download?id=1hasz7ZVmZm-c4X7fNu2Z-WAPHtpYM3Rz&export=download&confirm=t
tc-e5-theia	data/ta1-theia-3-e5-official-2.bin.5.gz		md5:6fd916f6bba80955d141147008614617	https://drive.usercontent.google.com/download?id=1rOEZL6f1ydKhjVOkocWLllnOjFXpVAW6&export=download&confirm=t
tc-e5-theia	data/ta1-theia-3-e5-official-2.bin.6.gz		md5:2e11df32bb0f3c702c48404504e216f0	https://drive.usercontent.google.com/download?id=1ZrgZPUZW8AJiW8jf_o7HFhFfKUUNdiM2&export=download&confirm=t
tc-e5-theia	data/ta1-theia-3-e5-official-2.bin.7.gz		md5:d7bb331083f15689c241ae05c009f4a6	https://drive.usercontent.google.com/download?id=1BvXyI8Equ8x0Y6Nus6ItR5cUiA8lPsmu&export=download&confirm=t
tc-e5-theia	data/ta1-theia-3-e5-official-2.bin.8.gz		md5:cdbce22d977d76b096c083d5624b1519	https://drive.usercontent.google.com/download?id=1sThCfNvjgeq9K8yxKmA9IEjhMnAwWJWT&export=download&confirm=t
tc-e5-theia	data/ta1-theia-3-e5-official-2.bin.9.gz		md5:4522e955dd2e34d8f2ba75d7e63d8c83	https://drive.usercontent.google.com/download?id=1AKIJ045lrfzb_YoK4LVr1JqbtlEK7Jvb&export=download&confirm=t
tc-e5-theia	data/ta1-theia-3-e5-official-2.bin.gz		md5:2979f4cd0c08e98cb39c934fa61774d5	https://drive.usercontent.google.com/download?id=1QIXh1Z3jsKHBkSqmX1n_LAJG7g_SZHJr&export=download&confirm=t
tc-e5-trace	source/bins.md5sum	39069	sha256:5844d187edd46add373eb9c4943178b30c13debf9ecf399183cb0833851d26fe	https://drive.usercontent.google.com/download?id=1wt6Pr_KpF7W9wUgF8pbDSaXQVoczOEZ2&export=download&confirm=t
tc-e5-trace	data/ta1-trace-1-e5-official-1.bin.1.gz	279516590	md5:4ee72b1c8fee97c34ea97c042c73c876	https://drive.usercontent.google.com/download?id=1gFpQRbgWsZ62cWHvNXboAS_1JQVCB0Mm&export=download&confirm=t
tc-e5-trace	data/ta1-trace-1-e5-official-1.bin.10.gz	252082083	md5:d4148a5a9bc0d95af00028e8787a01b6	https://drive.usercontent.google.com/download?id=10oJNL0jUB3DL8MHbnfxa3RSRj8vz7nd_&export=download&confirm=t
tc-e5-trace	data/ta1-trace-1-e5-official-1.bin.100.gz		md5:76500911df60b020b2d5d3016de90545	https://drive.usercontent.google.com/download?id=1bztaLyRnKn9GXYANHltz8iKhhnKu6d2F&export=download&confirm=t
tc-e5-trace	data/ta1-trace-1-e5-official-1.bin.101.gz		md5:5d70dee296dc6419e54ac0ebe92318d7	https://drive.usercontent.google.com/download?id=1FtHVGxPF8zeQDQt8ab7bSKwdlkxbYrGk&export=download&confirm=t
tc-e5-trace	data/ta1-trace-1-e5-official-1.bin.102.gz		md5:51cb77da5bd122191396ae7986dd223a	https://drive.usercontent.google.com/download?id=1YUzny9LjvOAox_MzYyN0AAmNCaLMHiaG&export=download&confirm=t
tc-e5-trace	data/ta1-trace-1-e5-official-1.bin.103.gz		md5:d3f0e17dc9b919bad816786c65e7c03b	https://drive.usercontent.google.com/download?id=1Abi76GxXNv9LN6oiCdmf7jD_C4TYJb8q&export=download&confirm=t
tc-e5-trace	data/ta1-trace-1-e5-official-1.bin.104.gz		md5:7f030f4bb4484538bc7a769be7ab31ef	https://drive.usercontent.google.com/download?id=1XIZZvY6OaacwieN7QWv0JFsFk6JCPWQH&export=download&confirm=t
tc-e5-trace	data/ta1-trace-1-e5-official-1.bin.105.gz		md5:b674f5e8bffee83f7b3f80e1e59ca7c3	https://drive.usercontent.google.com/download?id=11LvAWm3Mqg3Fhb_9zX45xPu9ZAzs63JM&export=download&confirm=t
tc-e5-trace	data/ta1-trace-1-e5-official-1.bin.106.gz		md5:9bb6640d1b29da2bdc694ecd8c1fff7d	https://drive.usercontent.google.com/download?id=1yyiL8rCiEpurzQumpkcJ3h4KrdGme4rj&export=download&confirm=t
tc-e5-trace	data/ta1-trace-1-e5-official-1.bin.107.gz		md5:cbe583d363d5c24ce347cc2371b25291	https://drive.usercontent.google.com/download?id=14E7CFao7QiZwd2lz94HXRVBXcSRlqUWU&export=download&confirm=t
tc-e5-trace	data/ta1-trace-1-e5-official-1.bin.108.gz		md5:50ae09a0d535813c98a9082d3ba32dd1	https://drive.usercontent.google.com/download?id=1LyheQ96zcxuiJ8cgJHDIyAlBWy1H0Rib&export=download&confirm=t
tc-e5-trace	data/ta1-trace-1-e5-official-1.bin.109.gz		md5:66dae961eabb97a23ad4cb4d4702f580	https://drive.usercontent.google.com/download?id=1K4UqTrv-0ewF8k9vYdzffCW5BtH7Bmum&export=download&confirm=t
tc-e5-trace	data/ta1-trace-1-e5-official-1.bin.11.gz	252519844	md5:2b943e301d520325544f8d7fca7912ce	https://drive.usercontent.google.com/download?id=1bVhjMJRNqOVfnSxDC5SvCtla7wiZL_jl&export=download&confirm=t
tc-e5-trace	data/ta1-trace-1-e5-official-1.bin.110.gz		md5:fd7396aea406de76f81534ef9fcf5958	https://drive.usercontent.google.com/download?id=19sggrLvaSBLZkvZdu-mufeLcCMU_hEjl&export=download&confirm=t
tc-e5-trace	data/ta1-trace-1-e5-official-1.bin.111.gz		md5:5c7748abe1e04bfd1040e48886e56013	https://drive.usercontent.google.com/download?id=1-ic4BcjeVCVgGDqMj_l0n1HVUPBV2hr4&export=download&confirm=t
tc-e5-trace	data/ta1-trace-1-e5-official-1.bin.112.gz		md5:7514a34d143959944c3c7160a08d2804	https://drive.usercontent.google.com/download?id=1eUkiBReN6ov2OcCJ5thzzyIfSqFBBA2e&export=download&confirm=t
tc-e5-trace	data/ta1-trace-1-e5-official-1.bin.113.gz		md5:61781fd6cd4f8730c7fbd3444db6e200	https://drive.usercontent.google.com/download?id=1PCIGSVKK374Z4NV3F0Sde5uAinDIUCeH&export=download&confirm=t
tc-e5-trace	data/ta1-trace-1-e5-official-1.bin.114.gz		md5:d175b949508d3b5032ff17dd9d7e5060	https://drive.usercontent.google.com/download?id=1Isx8tmQoLJbd7cIaPg6uUbbG1VY_Onm0&export=download&confirm=t
tc-e5-trace	data/ta1-trace-1-e5-official-1.bin.115.gz		md5:c8ff5e0ffb3bb0fee5a50ac1f4b083cf	https://drive.usercontent.google.com/download?id=1g9NUFB8B42OG6vaNgsY9g7e2vOzTikVw&export=download&confirm=t
tc-e5-trace	data/ta1-trace-1-e5-official-1.bin.116.gz		md5:acc4b257fb7b3c69acfa81836bc64acc	https://drive.usercontent.google.com/download?id=1J2lDHi2zPpJQfct62F_31mJAZADqH_2C&export=download&confirm=t
tc-e5-trace	data/ta1-trace-1-e5-official-1.bin.117.gz		md5:7d5ec5a8715908013482bea336aa7264	https://drive.usercontent.google.com/download?id=1yR-EQr3StyMoiPB15N2crQ8UwFk2nQTZ&export=download&confirm=t
tc-e5-trace	data/ta1-trace-1-e5-official-1.bin.118.gz		md5:12188b9c1818729df65602eb661fc96e	https://drive.usercontent.google.com/download?id=17onhQv4ZEyGM7y5fOVxEnPVoBdc7Mfmc&export=download&confirm=t
tc-e5-trace	data/ta1-trace-1-e5-official-1.bin.119.gz		md5:001096570abe2802f3b8d32b0340e174	https://drive.usercontent.google.com/download?id=14rxLCpRoUaCegU1RHra6245LlT4ayKqd&export=download&confirm=t
tc-e5-trace	data/ta1-trace-1-e5-official-1.bin.12.gz	253380068	md5:7b3082a548e40b594f0eb4df4cfa1770	https://drive.usercontent.google.com/download?id=1lWsprjFNJIQ53HxhxjV02LvB5bmNSPh8&export=download&confirm=t
tc-e5-trace	data/ta1-trace-1-e5-official-1.bin.120.gz		md5:fdac8c3ee7aecb13773e58342fb26d73	https://drive.usercontent.google.com/download?id=1yOfG9JqcwaNngxlYoM1VKDbkEyZ22C95&export=download&confirm=t
tc-e5-trace	data/ta1-trace-1-e5-official-1.bin.121.gz		md5:b06c47556e438ae03dba158664da3b19	https://drive.usercontent.google.com/download?id=1JkdkvIt7H2PCAF7GjpnC2nrl6sjuBSH8&export=download&confirm=t
tc-e5-trace	data/ta1-trace-1-e5-official-1.bin.122.gz		md5:a32741844f1eab3085dd1756c49bd57c	https://drive.usercontent.google.com/download?id=1rtdH_Vt81SVgwWAiSbNAzDlC6B3BLL8h&export=download&confirm=t
tc-e5-trace	data/ta1-trace-1-e5-official-1.bin.123.gz		md5:02e1a1ed0c12655d504108477a5befcd	https://drive.usercontent.google.com/download?id=1hu4wvdxgGr-TfOQghUeaIOylW0YXp-ZR&export=download&confirm=t
tc-e5-trace	data/ta1-trace-1-e5-official-1.bin.124.gz		md5:a09bfb80deb185ed7c8ff833e272675e	https://drive.usercontent.google.com/download?id=1lRcKb8_7eDUu7Zox4HAGe4N6pMU0Yp-n&export=download&confirm=t
tc-e5-trace	data/ta1-trace-1-e5-official-1.bin.125.gz		md5:13c85657dc50d5f2717e485eff7a6c68	https://drive.usercontent.google.com/download?id=16jBJ4-183cbCX6D4ouKAU3XeDBmgZ-kv&export=download&confirm=t
tc-e5-trace	data/ta1-trace-1-e5-official-1.bin.126.gz		md5:a33fdb0e55b2828ecd7f9ae416af4a0d	https://drive.usercontent.google.com/download?id=1MS-UoFeoXGE3jb6Lj_GIJqGUpePP4cTh&export=download&confirm=t
tc-e5-trace	data/ta1-trace-1-e5-official-1.bin.127.gz		md5:74224a9b6ccc782c226d692c23117e8a	https://drive.usercontent.google.com/download?id=1evfaf8rYiEjEzkakU6yrEtjRhiTQk5h3&export=download&confirm=t
tc-e5-trace	data/ta1-trace-1-e5-official-1.bin.128.gz		md5:0e9ebd8967909a78258663819655fdf5	https://drive.usercontent.google.com/download?id=1U7B_xpUwEtD6Pxr84Q4bZPCEGpYf1qsH&export=download&confirm=t
tc-e5-trace	data/ta1-trace-1-e5-official-1.bin.129.gz		md5:747c0354850437b19dcbd0c505c55f84	https://drive.usercontent.google.com/download?id=18AyFmK1G6G_d1A-HAMTbsWt70rbgLQfw&export=download&confirm=t
tc-e5-trace	data/ta1-trace-1-e5-official-1.bin.13.gz	252679706	md5:32aa59354c5771e93134348bb1a1195c	https://drive.usercontent.google.com/download?id=1bKx-DCzB2zsb9LAstkEHIfT_KT-Q8FeD&export=download&confirm=t
tc-e5-trace	data/ta1-trace-1-e5-official-1.bin.130.gz		md5:68dda3ab039d41e399d680102ea8ca06	https://drive.usercontent.google.com/download?id=1hKmCXIUL7AALmQMKgjEarldC0-JMwBMa&export=download&confirm=t
tc-e5-trace	data/ta1-trace-1-e5-official-1.bin.131.gz		md5:6ecfc7249253bffe6d5a0b0feb62c578	https://drive.usercontent.google.com/download?id=1-05_2qZLfokfImoLJxEyPVCz90XfbDu3&export=download&confirm=t
tc-e5-trace	data/ta1-trace-1-e5-official-1.bin.132.gz		md5:9bd0edb7911bc4fe6505a8c562568b04	https://drive.usercontent.google.com/download?id=1E28e_x5geG14v8TRmjGSWGKprLgesyIZ&export=download&confirm=t
tc-e5-trace	data/ta1-trace-1-e5-official-1.bin.133.gz		md5:e2bdf5dce9a900ebfbb4acc3e4489d27	https://drive.usercontent.google.com/download?id=1wluCSWFs6itlga32l2C5GnJhP6WPnrH6&export=download&confirm=t
tc-e5-trace	data/ta1-trace-1-e5-official-1.bin.134.gz		md5:5b3627f88de020582dfedbbf4034b097	https://drive.usercontent.google.com/download?id=1-ZP-cuZFOWxn7Vs6gSrjbOjX0V8k0kYJ&export=download&confirm=t
tc-e5-trace	data/ta1-trace-1-e5-official-1.bin.135.gz		md5:42e8256975df9e82efb4a365b72424a6	https://drive.usercontent.google.com/download?id=1EgmdBjfjtFWRQNGhvy-aoVh8TUIn_0ld&export=download&confirm=t
tc-e5-trace	data/ta1-trace-1-e5-official-1.bin.136.gz		md5:02d366cc8899e4626a933f286b1fe7c0	https://drive.usercontent.google.com/download?id=18U2e4LUHSh7nkkcmUA7HZp42I9zFmzJ9&export=download&confirm=t
tc-e5-trace	data/ta1-trace-1-e5-official-1.bin.137.gz		md5:4f8b2395b1f36a1d71a511a9790e45ef	https://drive.usercontent.google.com/download?id=1JeLOQQK-DAtyLMgTlaeDb1cN0dINgR-E&export=download&confirm=t
tc-e5-trace	data/ta1-trace-1-e5-official-1.bin.138.gz		md5:80a0ac8f1313d22123a2413411b3e991	https://drive.usercontent.google.com/download?id=1hpTDy7WIL2IgI2_fSFM2hnZM7wE3IpC5&export=download&confirm=t
tc-e5-trace	data/ta1-trace-1-e5-official-1.bin.139.gz		md5:d977626a26dca0932e2a8b60f2cda827	https://drive.usercontent.google.com/download?id=1gDMhDMNRdMF1aFdobxYJoj26sQ9QZD03&export=download&confirm=t
tc-e5-trace	data/ta1-trace-1-e5-official-1.bin.14.gz	252073576	md5:229c6839d1899a0ae2d7bfb131ad92e4	https://drive.usercontent.google.com/download?id=1Sb5483Rwu-Q-XHQBrDQFWwosKwZYkL9S&export=download&confirm=t
tc-e5-trace	data/ta1-trace-1-e5-official-1.bin.140.gz		md5:0bcb8c24d727e8552f8598eaf9e473eb	https://drive.usercontent.google.com/download?id=1rBiJLLcDcF9M1B92xXGPPLpjmhbJrTdB&export=download&confirm=t
tc-e5-trace	data/ta1-trace-1-e5-official-1.bin.141.gz		md5:5666d2d33f12e68981c7033da6d877f4	https://drive.usercontent.google.com/download?id=1P23nFdHBf6nrNQBqy9mUbPDvEnjam5M5&export=download&confirm=t
tc-e5-trace	data/ta1-trace-1-e5-official-1.bin.142.gz		md5:e1cf32961ba922d739f94963b8d8033a	https://drive.usercontent.google.com/download?id=1AWtbEUIa6MDQF8YEYtc59g9svhOZsrF9&export=download&confirm=t
tc-e5-trace	data/ta1-trace-1-e5-official-1.bin.143.gz		md5:c39037a6eade9bd272b3a3eb5931b735	https://drive.usercontent.google.com/download?id=1lWXpGoXr0Ny4FVEFvCLmWxyWFgn3AE-c&export=download&confirm=t
tc-e5-trace	data/ta1-trace-1-e5-official-1.bin.144.gz		md5:97f1796164d4b904170190a62b865605	https://drive.usercontent.google.com/download?id=1d_W01ZI2n8KkuXCTCy04K7jwl-Jx6L6g&export=download&confirm=t
tc-e5-trace	data/ta1-trace-1-e5-official-1.bin.145.gz		md5:56c55dbdac1e8513bcb930e81c57fe55	https://drive.usercontent.google.com/download?id=1ffcKj61hv8f29h--0AGh2K2eih1JA3DT&export=download&confirm=t
tc-e5-trace	data/ta1-trace-1-e5-official-1.bin.146.gz		md5:873b18062c39dc5a83883db9210e0463	https://drive.usercontent.google.com/download?id=1LsdIRd2f9eEtTFa9fchfu7lYgMPCu7fs&export=download&confirm=t
tc-e5-trace	data/ta1-trace-1-e5-official-1.bin.147.gz		md5:517e456e310585771c7b370ded267da5	https://drive.usercontent.google.com/download?id=1lJ5DdirjRMe1PMnIQaJhvDjeBVBZz2uH&export=download&confirm=t
tc-e5-trace	data/ta1-trace-1-e5-official-1.bin.148.gz		md5:001458fd7af3a857f75e7a6baa9dc207	https://drive.usercontent.google.com/download?id=117WWrgr0_BPytehSC_lfLIBmuNU9yJ6c&export=download&confirm=t
tc-e5-trace	data/ta1-trace-1-e5-official-1.bin.149.gz		md5:65855fcaa10b7d1c29bd8f034f7dc607	https://drive.usercontent.google.com/download?id=1HZresq2dxd0GDCI8fj0-tWy2D0-yUObw&export=download&confirm=t
tc-e5-trace	data/ta1-trace-1-e5-official-1.bin.15.gz	254093350	md5:1be1620ea7aebc4b16386bd49dab6469	https://drive.usercontent.google.com/download?id=1oxdwgSwQobHk8TU6WaHURJeZdlTOjehc&export=download&confirm=t
tc-e5-trace	data/ta1-trace-1-e5-official-1.bin.150.gz		md5:d492e65899f804a11efd0e55aa97c59b	https://drive.usercontent.google.com/download?id=1eyvypGRzIU_H9Akd1Iu7OqTLHX4_qpfV&export=download&confirm=t
tc-e5-trace	data/ta1-trace-1-e5-official-1.bin.151.gz		md5:a647aa1b4520d51e93584be953c0fc5d	https://drive.usercontent.google.com/download?id=1xw1aOrDYUEm9PjHzFUsV661P1mjopwCL&export=download&confirm=t
tc-e5-trace	data/ta1-trace-1-e5-official-1.bin.152.gz		md5:226d046e1b00a21c6adc4f3998e120b4	https://drive.usercontent.google.com/download?id=12f4vb3FwU3oxdecfA6nNCLDbnPrgNOn2&export=download&confirm=t
tc-e5-trace	data/ta1-trace-1-e5-official-1.bin.153.gz		md5:c9711469f6dc2b30c4dc7d01e3ae63b1	https://drive.usercontent.google.com/download?id=14nPHM_1erQw-XgvECU54FnSy_9XhjjdV&export=download&confirm=t
tc-e5-trace	data/ta1-trace-1-e5-official-1.bin.154.gz		md5:c0408a076007206411d94c9a95dbe164	https://drive.usercontent.google.com/download?id=18KeRoJhEyEWMuioyrmi14m4fy6XN88l9&export=download&confirm=t
tc-e5-trace	data/ta1-trace-1-e5-official-1.bin.155.gz		md5:b0776b91dc5c176c2a82e928634780fe	https://drive.usercontent.google.com/download?id=1o2savlhkxZn3XWj2i10U5y-TP1nnfAsd&export=download&confirm=t
tc-e5-trace	data/ta1-trace-1-e5-official-1.bin.156.gz		md5:71e60f0f11d82cbc5d1331d502f89c05	https://drive.usercontent.google.com/download?id=1mKlNf6tOzu37bM13dzvb-D_R9r9qE7Rg&export=download&confirm=t
tc-e5-trace	data/ta1-trace-1-e5-official-1.bin.157.gz		md5:cadbbb65820d1295be8d9d148825dddc	https://drive.usercontent.google.com/download?id=1q14LeYaMXY68KvMJT1sEdTHPvB3kNBNT&export=download&confirm=t
tc-e5-trace	data/ta1-trace-1-e5-official-1.bin.158.gz		md5:0e6005af220d27355a9b3ea726eabc7b	https://drive.usercontent.google.com/download?id=1wKhhyL7BHEvBJBPkmB0rPkP4N3p6Os4T&export=download&confirm=t
tc-e5-trace	data/ta1-trace-1-e5-official-1.bin.159.gz		md5:dee3831d8142cf98f3fc1d96e5ea44c9	https://drive.usercontent.google.com/download?id=1_wuaebHlbR0ss09ekNFofy25MdqSD7JW&export=download&confirm=t
tc-e5-trace	data/ta1-trace-1-e5-official-1.bin.16.gz	256727272	md5:40d42b827319df96a0876cc57247301e	https://drive.usercontent.google.com/download?id=12Is6o5aGT0rhc8c8-jwQ1OtQt3F0Bvdj&export=download&confirm=t
tc-e5-trace	data/ta1-trace-1-e5-official-1.bin.160.gz		md5:806c591b959192189df0706d9eba1301	https://drive.usercontent.google.com/download?id=197q8qbsoNQDM9F5RjyyopcvzInawL3Hp&export=download&confirm=t
tc-e5-trace	data/ta1-trace-1-e5-official-1.bin.161.gz		md5:b559912a8f27d24177279715dc50e90e	https://drive.usercontent.google.com/download?id=1NS2aEvFgA90RQOcwkZVEIjq2_F4G7H1T&export=download&confirm=t
tc-e5-trace	data/ta1-trace-1-e5-official-1.bin.162.gz		md5:97199f13b331faab66c91d739f21dd18	https://drive.usercontent.google.com/download?id=1LIKjFH90JHxr6hf4IihKsUMRmOQhh9_X&export=download&confirm=t
tc-e5-trace	data/ta1-trace-1-e5-official-1.bin.163.gz		md5:aafee7dbd4e91627679177791a97d164	https://drive.usercontent.google.com/download?id=1DJruClYgO5GuzmSWlXgYgrAOVnlurUad&export=download&confirm=t
tc-e5-trace	data/ta1-trace-1-e5-official-1.bin.164.gz		md5:e994e878adbce51d065930fe0b209da3	https://drive.usercontent.google.com/download?id=13Mmiz4Fz5nnSnmx-r7s5t30BQXGq0caX&export=download&confirm=t
tc-e5-trace	data/ta1-trace-1-e5-official-1.bin.165.gz		md5:4f2d64b6fe9464f03165e1900756008c	https://drive.usercontent.google.com/download?id=1_Kvo6ZCTN-m3PL71mQGgp7xOpfq6PEam&export=download&confirm=t
tc-e5-trace	data/ta1-trace-1-e5-official-1.bin.166.gz		md5:2f53e43e16d0d846dfb53c8b24e44d98	https://drive.usercontent.google.com/download?id=1pEoaduSCi6LG7cl4eJenGeF6N2QNXsFc&export=download&confirm=t
tc-e5-trace	data/ta1-trace-1-e5-official-1.bin.167.gz		md5:cfa6efd3e4290a0d7a09575b6e216c6e	https://drive.usercontent.google.com/download?id=16ivEu1ArJupwNS1rEDCpJ_DuR5P0bSPO&export=download&confirm=t
tc-e5-trace	data/ta1-trace-1-e5-official-1.bin.168.gz		md5:40e64783049ac80e8ce505ed4104b4fa	https://drive.usercontent.google.com/download?id=1x9MCvv_S9xxHEuI4cuB-4KH9kvT3pW6a&export=download&confirm=t
tc-e5-trace	data/ta1-trace-1-e5-official-1.bin.169.gz		md5:3eaad83fb1738aab8e3bb366ae853628	https://drive.usercontent.google.com/download?id=1oSlOgEISrXUUM8JhNB1YBD5ErQeTMKWE&export=download&confirm=t
tc-e5-trace	data/ta1-trace-1-e5-official-1.bin.17.gz	276554767	md5:4e00d2d65d93aadd68ece83855ff7080	https://drive.usercontent.google.com/download?id=1OPq86ADCLO_WvGAvsu5kFTroJ_fKKmbk&export=download&confirm=t
tc-e5-trace	data/ta1-trace-1-e5-official-1.bin.170.gz		md5:2d31bd68739938d1441ddb2b239afaaf	https://drive.usercontent.google.com/download?id=1jHIbas5P0h3JhRlg1akYvCN-vH5yQEZk&export=download&confirm=t
tc-e5-trace	data/ta1-trace-1-e5-official-1.bin.171.gz		md5:3abee8270dd3f2a7e671135e83a376cc	https://drive.usercontent.google.com/download?id=1QA9zq7vOPiWY1Ym7xdbRCnBCQzlsJ3lV&export=download&confirm=t
tc-e5-trace	data/ta1-trace-1-e5-official-1.bin.172.gz		md5:2e2300a8bb17a1057f6591c0e8936e4c	https://drive.usercontent.google.com/download?id=1diRcK3TwOBYUhMYo0qbP35Vi_-eKwysc&export=download&confirm=t
tc-e5-trace	data/ta1-trace-1-e5-official-1.bin.173.gz		md5:044939c55c5e217cd3e4da4c1140ab24	https://drive.usercontent.google.com/download?id=14oX6aQFBbB4xO8BqtCw7nacjPTPJPNmQ&export=download&confirm=t
tc-e5-trace	data/ta1-trace-1-e5-official-1.bin.174.gz		md5:ba675867da65ab3297029e26e1ffdc20	https://drive.usercontent.google.com/download?id=19nd6RswdwSi5NR39B6P5w_kLlxfYd-EF&export=download&confirm=t
tc-e5-trace	data/ta1-trace-1-e5-official-1.bin.175.gz		md5:00c888d46a9870e664c054e41a3c599a	https://drive.usercontent.google.com/download?id=13JOyBeegI5dOMoa0oMnfCqN_7E58Qxye&export=download&confirm=t
tc-e5-trace	data/ta1-trace-1-e5-official-1.bin.176.gz		md5:a2dbcd5a3a7f98c897722b68fce617a8	https://drive.usercontent.google.com/download?id=1fSGhuIIJnjPrtWJFoNewQrVcL1mhnnL_&export=download&confirm=t
tc-e5-trace	data/ta1-trace-1-e5-official-1.bin.177.gz		md5:eb301f86b01c8f2b125b952337588498	https://drive.usercontent.google.com/download?id=1g-IX9JxHz6gZrtMHyFrMNSwQCsUwZr8e&export=download&confirm=t
tc-e5-trace	data/ta1-trace-1-e5-official-1.bin.178.gz		md5:afe8d8bf1a577798b0adc179f07abd13	https://drive.usercontent.google.com/download?id=1m71wv1TLDgl5LztDKNFoDRM7rEa-6Qcm&export=download&confirm=t
tc-e5-trace	data/ta1-trace-1-e5-official-1.bin.179.gz		md5:fef08aad0cca8be340f236ec696843f1	https://drive.usercontent.google.com/download?id=1jI_eH4PZeVo-KPe2H7ItQY9Xot8JE0qk&export=download&confirm=t
tc-e5-trace	data/ta1-trace-1-e5-official-1.bin.18.gz	276351268	md5:f80cf90d062afe487c49095a373aba49	https://drive.usercontent.google.com/download?id=1uLjIltBTvNeXGoKlY1xh1-VfhtRVm6Hj&export=download&confirm=t
tc-e5-trace	data/ta1-trace-1-e5-official-1.bin.180.gz		md5:b4daa355c8752a8cb0f7a624fb7c46df	https://drive.usercontent.google.com/download?id=1wEyDJ5WxRjtKKcfp0gmdj-oDxryEwSOk&export=download&confirm=t
tc-e5-trace	data/ta1-trace-1-e5-official-1.bin.181.gz		md5:4a5c51c3fac8aa6c12b42c68831924d8	https://drive.usercontent.google.com/download?id=1COZHiYO3eV3cNEzDTlrelw_WOAV7C21M&export=download&confirm=t
tc-e5-trace	data/ta1-trace-1-e5-official-1.bin.182.gz		md5:20f13281d75debbb774c2742b392fc0c	https://drive.usercontent.google.com/download?id=1rkPZQ9IG7bGQc1hZSdIzTWLmJc1jWDk9&export=download&confirm=t
tc-e5-trace	data/ta1-trace-1-e5-official-1.bin.183.gz		md5:6ef79eadbf2b08b67baafa05d0d3a2e3	https://drive.usercontent.google.com/download?id=1X_8SWxs06KIFihPv3hsGjYECCIRNq4lc&export=download&confirm=t
tc-e5-trace	data/ta1-trace-1-e5-official-1.bin.184.gz		md5:f909a7f3d5d427d482dee87695b15b93	https://drive.usercontent.google.com/download?id=1gkpt6Hkfzi71DlsoBOdlJ8jAZFxvvJAX&export=download&confirm=t
tc-e5-trace	data/ta1-trace-1-e5-official-1.bin.19.gz	283162289	md5:48b5c194b4f32dffa9f8d1981bb72d6e	https://drive.usercontent.google.com/download?id=1InYV-ZeYhPgy-0wPjVgOFj8Py37V9bUx&export=download&confirm=t
tc-e5-trace	data/ta1-trace-1-e5-official-1.bin.2.gz	283793685	md5:5a99e4133a8b82ed32ffd09ddec1d94d	https://drive.usercontent.google.com/download?id=1OMphMK7As1PiA3oFCRUImKFnG0psOP6R&export=download&confirm=t
tc-e5-trace	data/ta1-trace-1-e5-official-1.bin.20.gz	283771998	md5:3230614f2455a44128681d2774a3871f	https://drive.usercontent.google.com/download?id=1pFjYLpaHD4oJNGd8fWVU62pK9ChJR2-r&export=download&confirm=t
tc-e5-trace	data/ta1-trace-1-e5-official-1.bin.21.gz	282944013	md5:a2b94fe5fe78e1780048edb40a3924d0	https://drive.usercontent.google.com/download?id=1Jk_WkuC8SGo7Mo_Uge6-NGanc9i6RYcD&export=download&confirm=t
tc-e5-trace	data/ta1-trace-1-e5-official-1.bin.22.gz	253978860	md5:7f54d5fbc8760758ecd77ed7258f108c	https://drive.usercontent.google.com/download?id=1QQMZrULuiNfuG7FQ9Z8II0JoKuRixrwl&export=download&confirm=t
tc-e5-trace	data/ta1-trace-1-e5-official-1.bin.23.gz	249376425	md5:dd679590f2af2827be3a06f4d53a3f59	https://drive.usercontent.google.com/download?id=13YVePRxId7YY3oBOCKwqKzq5b00stR-J&export=download&confirm=t
tc-e5-trace	data/ta1-trace-1-e5-official-1.bin.24.gz	249447920	md5:d3e147e9c729939157893f4ae24f2cdb	https://drive.usercontent.google.com/download?id=1DAM-dKozqY50bOM8uT7rRlWGVlwYh4pd&export=download&confirm=t
tc-e5-trace	data/ta1-trace-1-e5-official-1.bin.25.gz	249360692	md5:608ddbf2cd6a55a3f8acafdc5ea289e5	https://drive.usercontent.google.com/download?id=1FEZzF0BhZPn9-0fyJIwR0XiTUpie4jg1&export=download&confirm=t
tc-e5-trace	data/ta1-trace-1-e5-official-1.bin.26.gz	249708922	md5:37d3cf122ef0785c238caffafcfe7fcd	https://drive.usercontent.google.com/download?id=17K0J5cpRwVVLu4vAndEVGd0efxJ1zbkV&export=download&confirm=t
tc-e5-trace	data/ta1-trace-1-e5-official-1.bin.27.gz	249315783	md5:d5937473acc50fabc73e211b71fa444f	https://drive.usercontent.google.com/download?id=1cteNM9t-Bq0h4S-v7ujMvqtAZAN8F875&export=download&confirm=t
tc-e5-trace	data/ta1-trace-1-e5-official-1.bin.28.gz	249504195	md5:b9ca3c376fb80f7658c3145b7d440610	https://drive.usercontent.google.com/download?id=1e2wtrepIrq4HTbZZQMDeXkbuMxZ7hnxw&export=download&confirm=t
tc-e5-trace	data/ta1-trace-1-e5-official-1.bin.29.gz	249715223	md5:e3d5abdac2821ed75fc0e759f37a1787	https://drive.usercontent.google.com/download?id=1BqDR0091g9zG6X0G7Mgxu2-weQgdhOYq&export=download&confirm=t
tc-e5-trace	data/ta1-trace-1-e5-official-1.bin.3.gz	286991698	md5:5913cceb459089d2e4f0ad01439a0e74	https://drive.usercontent.google.com/download?id=1kV5mA4uX8-vUOfDMON7mt2hcCDN0Q12O&export=download&confirm=t
tc-e5-trace	data/ta1-trace-1-e5-official-1.bin.30.gz	249309241	md5:9743fd1d9ce6753028351c198e9f8970	https://drive.usercontent.google.com/download?id=1x50dv3kVC7d-TrYrjD5J1RTa9P_muGCX&export=download&confirm=t
tc-e5-trace	data/ta1-trace-1-e5-official-1.bin.31.gz	249677545	md5:4d8e1fe03957aac76805537495e5d3ab	https://drive.usercontent.google.com/download?id=13-H7QIY-Fd96oTkYGhlAPI3jio0Vk_do&export=download&confirm=t
tc-e5-trace	data/ta1-trace-1-e5-official-1.bin.32.gz	249525847	md5:944875a1d1b580db2c2c5181096f9179	https://drive.usercontent.google.com/download?id=1t4qrU-dV3xUIzd5RQ46KruH__w8hQlRy&export=download&confirm=t
tc-e5-trace	data/ta1-trace-1-e5-official-1.bin.33.gz	249696445	md5:2909a97106a72a1595a9a6fd12101135	https://drive.usercontent.google.com/download?id=1rG5CCK03hBsduoNLq2IepZLaEi6FD21D&export=download&confirm=t
tc-e5-trace	data/ta1-trace-1-e5-official-1.bin.34.gz	267490144	md5:151091c13d97a0865db9d7d87f13e3fc	https://drive.usercontent.google.com/download?id=1luO4-U9FXHm3FSc2xqGs1UnF_Xj3FsxH&export=download&confirm=t
tc-e5-trace	data/ta1-trace-1-e5-official-1.bin.35.gz	277567214	md5:5b5bdec0357385ce3f576d27d83d3ef0	https://drive.usercontent.google.com/download?id=1oGgPKYOUk1HtlcNJzPvmhEuN9QG4bKPl&export=download&confirm=t
tc-e5-trace	data/ta1-trace-1-e5-official-1.bin.36.gz	281124774	md5:0702b08831c1ab069b71666b93db6dc0	https://drive.usercontent.google.com/download?id=11d6cGl3MejUAXNsiW7TLAWVjcFAHhIBl&export=download&confirm=t
tc-e5-trace	data/ta1-trace-1-e5-official-1.bin.37.gz	282283898	md5:d1da085746b8423d32d5a3e0127a59f4	https://drive.usercontent.google.com/download?id=1bb9yBn2QtXDq-o4cWV-N1qC-_PJMt_0-&export=download&confirm=t
tc-e5-trace	data/ta1-trace-1-e5-official-1.bin.38.gz	282923905	md5:bee08656b4bc5b65c657facf535db69b	https://drive.usercontent.google.com/download?id=1SqY3B4dM1zmRQOkVyE4njKaAXKhv_dq8&export=download&confirm=t
tc-e5-trace	data/ta1-trace-1-e5-official-1.bin.39.gz	284539105	md5:00efca9c45e693bfc2352c1c35c721e3	https://drive.usercontent.google.com/download?id=1ppI8jWEriXE1nH5HhVY4ju8or-P-06En&export=download&confirm=t
tc-e5-trace	data/ta1-trace-1-e5-official-1.bin.4.gz	286152860	md5:97ecf2b9224b8038bb5f7f3443e464eb	https://drive.usercontent.google.com/download?id=1R6MIhrDoPQKrnCHfnSFecHTEfiKiy43t&export=download&confirm=t
tc-e5-trace	data/ta1-trace-1-e5-official-1.bin.40.gz	288243805	md5:067bd2fbbb3805e8a207eaf579712053	https://drive.usercontent.google.com/download?id=1832IcyojiCaukshmBlIptj-q0TmFfTL5&export=download&confirm=t
tc-e5-trace	data/ta1-trace-1-e5-official-1.bin.41.gz	285318214	md5:64269370eecfc62280708115a04e9d0d	https://drive.usercontent.google.com/download?id=1SUhdMZ9kKxybm5140b4wu3tXm0b60358&export=download&confirm=t
tc-e5-trace	data/ta1-trace-1-e5-official-1.bin.42.gz	270843864	md5:19759d5b4444fe3ecff3c2f497ae2af7	https://drive.usercontent.google.com/download?id=1bRa_qvZES2IoPRhwNgJUq4yYYcnXLHL4&export=download&confirm=t
tc-e5-trace	data/ta1-trace-1-e5-official-1.bin.43.gz	253056907	md5:35c6ca203c63d47de6a9d84c1f60611d	https://drive.usercontent.google.com/download?id=1c74E5YS-WgYNzKRo-k_IdUP28tehuAwd&export=download&confirm=t
tc-e5-trace	data/ta1-trace-1-e5-official-1.bin.44.gz	255090243	md5:27c1c477091bf627620cb058bf6a090e	https://drive.usercontent.google.com/download?id=1TwBCyWqFSUg1u8GptUt9MY3wkPt4M1Y_&export=download&confirm=t
tc-e5-trace	data/ta1-trace-1-e5-official-1.bin.45.gz	254131673	md5:80659b11945f097a4a8dfd12b7435a5f	https://drive.usercontent.google.com/download?id=15oHuIxFWT6QSH8L1yxgptbJuKPgRNjoc&export=download&confirm=t
tc-e5-trace	data/ta1-trace-1-e5-official-1.bin.46.gz	253583935	md5:4553711059c64319236e70d3a799cc93	https://drive.usercontent.google.com/download?id=1tud-GGHV4H9pDAzSWl3pKFgIykS2peL_&export=download&confirm=t
tc-e5-trace	data/ta1-trace-1-e5-official-1.bin.47.gz	251874758	md5:bfeff356461e0109f35b8b47fcc6af01	https://drive.usercontent.google.com/download?id=12GwvCseG2GHKbpHhBlsRIu7rUT76cFge&export=download&confirm=t
tc-e5-trace	data/ta1-trace-1-e5-official-1.bin.48.gz	254498498	md5:454265320aa37c3f738acb7d40c1cef5	https://drive.usercontent.google.com/download?id=1BcZlqKPgasjXJV3IKUpYaCuIAFBpOs-_&export=download&confirm=t
tc-e5-trace	data/ta1-trace-1-e5-official-1.bin.49.gz	253737714	md5:b323ba803a25c0fbf1a42d320810063e	https://drive.usercontent.google.com/download?id=1BAyOxZvVGP72CUCyYCmJGtv_MQZ0LKDg&export=download&confirm=t
tc-e5-trace	data/ta1-trace-1-e5-official-1.bin.5.gz	272178677	md5:544267e1be6f95241d0d3ee36672880b	https://drive.usercontent.google.com/download?id=1bxSHw9WrtY3KWXy6tkGpn4GyNJGPeEDY&export=download&confirm=t
tc-e5-trace	data/ta1-trace-1-e5-official-1.bin.50.gz		md5:46a531051d3d7f72c302c640d158629b	https://drive.usercontent.google.com/download?id=16mZZZfgADlyK_xdy0y9obNV1Zbw92qwh&export=download&confirm=t
tc-e5-trace	data/ta1-trace-1-e5-official-1.bin.51.gz		md5:4964066c1c0d8a95c5b1731fcaedfff6	https://drive.usercontent.google.com/download?id=1HxcmTt6kvUNPET0AVyq1vRlXpBCNQj0O&export=download&confirm=t
tc-e5-trace	data/ta1-trace-1-e5-official-1.bin.52.gz		md5:a5d49560e2b7415df26e6780d51e0e99	https://drive.usercontent.google.com/download?id=10CyEV9Zf3RcVLzbj3u_Q5-dhfgN4vFWt&export=download&confirm=t
tc-e5-trace	data/ta1-trace-1-e5-official-1.bin.53.gz		md5:65aa165c42616be189272df0dd359e00	https://drive.usercontent.google.com/download?id=1j_Mg-7w78OgA4zy3-1vpuIh-Lnqfdr4g&export=download&confirm=t
tc-e5-trace	data/ta1-trace-1-e5-official-1.bin.54.gz		md5:602327695b742b0dfdbbe6ef0d20ee3a	https://drive.usercontent.google.com/download?id=1ChjoB8tuk8apoT3xoEvT5H0sk6Xs0ume&export=download&confirm=t
tc-e5-trace	data/ta1-trace-1-e5-official-1.bin.55.gz		md5:5be2ca8ee289639d2e5130effc156549	https://drive.usercontent.google.com/download?id=18fOnZbhknNV1x6UAeWsBUZcoG_UGc9Lq&export=download&confirm=t
tc-e5-trace	data/ta1-trace-1-e5-official-1.bin.56.gz		md5:18429769966728d72763d797521474b9	https://drive.usercontent.google.com/download?id=1bPXOjSvjOC9NNiZWd8d-J40azU57i9l1&export=download&confirm=t
tc-e5-trace	data/ta1-trace-1-e5-official-1.bin.57.gz		md5:3fd520048434c6c7b2622a04bd013523	https://drive.usercontent.google.com/download?id=1tFSysvwaF6cV5O1UocAE7DPPfuKa6hEd&export=download&confirm=t
tc-e5-trace	data/ta1-trace-1-e5-official-1.bin.58.gz		md5:e8520e3b6e2c47f9ef846c6dc1fd9597	https://drive.usercontent.google.com/download?id=17xbyGcdvanOJpU90-W5TPNIN3_-UdrMH&export=download&confirm=t
tc-e5-trace	data/ta1-trace-1-e5-official-1.bin.59.gz		md5:3d69a2942166974aa3bfca47ebffe124	https://drive.usercontent.google.com/download?id=1tFuMWR_Efmwj4n99KlTcf9NrIcG34lvf&export=download&confirm=t
tc-e5-trace	data/ta1-trace-1-e5-official-1.bin.6.gz	278718062	md5:c9219630a8744697a8050334fa9d8d16	https://drive.usercontent.google.com/download?id=1Y_jNTKacTX1b4ji4WxkE9PJTyHncaSnW&export=download&confirm=t
tc-e5-trace	data/ta1-trace-1-e5-official-1.bin.60.gz		md5:d6482e3f16a51c6f2dc1dbe5f3810235	https://drive.usercontent.google.com/download?id=1zZuZ7fiD1colD7F3dZb-waPuLURSZ5G-&export=download&confirm=t
tc-e5-trace	data/ta1-trace-1-e5-official-1.bin.61.gz		md5:12ed6e3c2a4010c3b8d3320a678e6a0a	https://drive.usercontent.google.com/download?id=1H43ahTckt_OPugO-SgZg0pKhA3UIoNr8&export=download&confirm=t
tc-e5-trace	data/ta1-trace-1-e5-official-1.bin.62.gz		md5:e1b6f57dc779cdf96b7350c54d0b865a	https://drive.usercontent.google.com/download?id=1OYFrVKRtgS94htisokGVb4glwZ3mHWPA&export=download&confirm=t
tc-e5-trace	data/ta1-trace-1-e5-official-1.bin.63.gz		md5:a22d2de9398e9cbfae81e264ed2448c3	https://drive.usercontent.google.com/download?id=1SvymskqMb_0jcsl5F4PJQllgGrquM_rx&export=download&confirm=t
tc-e5-trace	data/ta1-trace-1-e5-official-1.bin.64.gz		md5:df32fcf9fd2c721be2cc5ea2634a2ef0	https://drive.usercontent.google.com/download?id=1VIhq9AMwZ7kyF6T8kv_9TTflk91V5yoI&export=download&confirm=t
tc-e5-trace	data/ta1-trace-1-e5-official-1.bin.65.gz		md5:b9bf746055e5725872984341ce0ab050	https://drive.usercontent.google.com/download?id=1e4SLrzZ04cWrCcm0cgHnbDgTLrZ79GrL&export=download&confirm=t
tc-e5-trace	data/ta1-trace-1-e5-official-1.bin.66.gz		md5:b27137e48a929a62249da3f0fc7eacfa	https://drive.usercontent.google.com/download?id=1UrLix44fywgCJw7dJb35FvtulkHpBEgI&export=download&confirm=t
tc-e5-trace	data/ta1-trace-1-e5-official-1.bin.67.gz		md5:290e6c0b9a39ca604719a5f0171bb9e5	https://drive.usercontent.google.com/download?id=1ldTJTgjlTZXPd8wAy7mDRkSLKdK4LKwt&export=download&confirm=t
tc-e5-trace	data/ta1-trace-1-e5-official-1.bin.68.gz		md5:256e85945c299cbe8aa724d3635985dd	https://drive.usercontent.google.com/download?id=1cJkVzXhj9oKdyO5ZM0qqQDQiphO4qao2&export=download&confirm=t
tc-e5-trace	data/ta1-trace-1-e5-official-1.bin.69.gz		md5:ff2350c367c751515c4992918806256f	https://drive.usercontent.google.com/download?id=1DPbAZVL9pLY1NQv3549h72BiVNyCZLGE&export=download&confirm=t
tc-e5-trace	data/ta1-trace-1-e5-official-1.bin.7.gz	259451344	md5:5edf9359e3a52535f4d330478013d1bd	https://drive.usercontent.google.com/download?id=1QszOCudwb8_cpE2Ap-wawa3cJGT1WKDN&export=download&confirm=t
tc-e5-trace	data/ta1-trace-1-e5-official-1.bin.70.gz		md5:ce53b129d82f97f3e730c3b665a07ebf	https://drive.usercontent.google.com/download?id=134HBRIOHzZguu5Fghgn5QIlSnFUf0fma&export=download&confirm=t
tc-e5-trace	data/ta1-trace-1-e5-official-1.bin.71.gz		md5:9c3d1b8ae6b201d8ab40e58488dafde8	https://drive.usercontent.google.com/download?id=15DJ4Tpwt7Q9wDwwEqTw_eL3kzfPV60p3&export=download&confirm=t
tc-e5-trace	data/ta1-trace-1-e5-official-1.bin.72.gz		md5:cebea6a3e465796b68ccf89a76683150	https://drive.usercontent.google.com/download?id=1njZf7Q0MMwWyn20MMr4k4O1BiV3rSV8l&export=download&confirm=t
tc-e5-trace	data/ta1-trace-1-e5-official-1.bin.73.gz		md5:bec2be5894eb3c8b10a4747260bbd27b	https://drive.usercontent.google.com/download?id=143CGseMP2YcYyHCSpnevKttcOo7gyY2n&export=download&confirm=t
tc-e5-trace	data/ta1-trace-1-e5-official-1.bin.74.gz		md5:36aa87bc9700f5ead088b719a8951caf	https://drive.usercontent.google.com/download?id=1UYmxuq8p4HVMbUFsFVwax3OYYLRvBYgK&export=download&confirm=t
tc-e5-trace	data/ta1-trace-1-e5-official-1.bin.75.gz		md5:727dfa9e16f835730049275469bb2b78	https://drive.usercontent.google.com/download?id=1Ui1ivPX8_HJxt7A0JxMV2HMZNp7pOZkk&export=download&confirm=t
tc-e5-trace	data/ta1-trace-1-e5-official-1.bin.76.gz		md5:b387ce9e68b6518060a64d090f17cd0e	https://drive.usercontent.google.com/download?id=1NBxZwMuw_NZxLCyID1Dj8aqViNCxbAvX&export=download&confirm=t
tc-e5-trace	data/ta1-trace-1-e5-official-1.bin.77.gz		md5:a8a3bbbf21d54012b5987f5e3d0d3229	https://drive.usercontent.google.com/download?id=1Ghv9zjnNi1L49GTkE_uAcrFBwpS76osj&export=download&confirm=t
tc-e5-trace	data/ta1-trace-1-e5-official-1.bin.78.gz		md5:81666216cf164a4354584ef57be22402	https://drive.usercontent.google.com/download?id=1SQSAqXx8jk3qOMV077PSAsTkovyR7NKX&export=download&confirm=t
tc-e5-trace	data/ta1-trace-1-e5-official-1.bin.79.gz		md5:ccdc14fd08c8cdc7e87989f9338d61cf	https://drive.usercontent.google.com/download?id=1JqvQhUUfGnP-eR9DMjt6atbJ52GAg0TG&export=download&confirm=t
tc-e5-trace	data/ta1-trace-1-e5-official-1.bin.8.gz	252947593	md5:8ef5705456bbc6c26fb5215b35d63656	https://drive.usercontent.google.com/download?id=1gc0IuXqyQEgAUsMmff1XWLsQNIIYzzww&export=download&confirm=t
tc-e5-trace	data/ta1-trace-1-e5-official-1.bin.80.gz		md5:1a41a26fe17bdc3d7e72793d5d7c903f	https://drive.usercontent.google.com/download?id=1vs4s1JTc55uAVoeWyx2Cb3dZNl7aFh57&export=download&confirm=t
tc-e5-trace	data/ta1-trace-1-e5-official-1.bin.81.gz		md5:c0dcc87c43404062e8d15676385161d8	https://drive.usercontent.google.com/download?id=1Pp-kZExLH3gCK4o8JlZa9RBxDFxLPCEt&export=download&confirm=t
tc-e5-trace	data/ta1-trace-1-e5-official-1.bin.82.gz		md5:ed07acaf6b40f43c89cc4192593a484d	https://drive.usercontent.google.com/download?id=1Z8I-evjXNe5JMR3HVoERtEpoKrYBys1e&export=download&confirm=t
tc-e5-trace	data/ta1-trace-1-e5-official-1.bin.83.gz		md5:50ab5d1d09b47b0f9669cbdac1ac45c0	https://drive.usercontent.google.com/download?id=1YnxY8m5RHmINL557mTCLbD-ioHUqHFhi&export=download&confirm=t
tc-e5-trace	data/ta1-trace-1-e5-official-1.bin.84.gz		md5:814c07fade21ce89218e3218b8d7c91a	https://drive.usercontent.google.com/download?id=1WxBnZZqiUsJ7FNy1jX9zyFa5Vqnf3ltz&export=download&confirm=t
tc-e5-trace	data/ta1-trace-1-e5-official-1.bin.85.gz		md5:78babc41fc9c5ed068afcdfe56132adb	https://drive.usercontent.google.com/download?id=1AbNIxkHgES2biSKlUU9CVnC3SZf5MFpN&export=download&confirm=t
tc-e5-trace	data/ta1-trace-1-e5-official-1.bin.86.gz		md5:262f22b50a327272855e441ac6197fd8	https://drive.usercontent.google.com/download?id=1M7wxatwO5D1WBb8Acitazb5ZMdwO6Aj-&export=download&confirm=t
tc-e5-trace	data/ta1-trace-1-e5-official-1.bin.87.gz		md5:a643f090db4fb739c0c5895890c01bc3	https://drive.usercontent.google.com/download?id=1fgUE-Vd8cpIBMup_ufL8zHVYqUYdiLaV&export=download&confirm=t
tc-e5-trace	data/ta1-trace-1-e5-official-1.bin.88.gz		md5:822c364f85c2269011adde5b4d928134	https://drive.usercontent.google.com/download?id=1XjP7BTizmhI95WsfQZyn0N33YzeZ0_Mu&export=download&confirm=t
tc-e5-trace	data/ta1-trace-1-e5-official-1.bin.89.gz		md5:5c20ee7df7a635d29b1676633dbae93b	https://drive.usercontent.google.com/download?id=1xIznTVyVx0xrS5J_5Q8LKjznAdDuYXG1&export=download&confirm=t
tc-e5-trace	data/ta1-trace-1-e5-official-1.bin.9.gz	252030425	md5:e86e6e75978763154710f2edb94d644e	https://drive.usercontent.google.com/download?id=1rcJUIeRR8GzwUYnOvvLd0JAhwVNf0k9k&export=download&confirm=t
tc-e5-trace	data/ta1-trace-1-e5-official-1.bin.90.gz		md5:42dbf6b7b00920ae531448758ff06dce	https://drive.usercontent.google.com/download?id=1zXM8q8puvBN-XbqpOjT9H-eD5auDXhiv&export=download&confirm=t
tc-e5-trace	data/ta1-trace-1-e5-official-1.bin.91.gz		md5:22c583840c1458bc900cad74655d7eb0	https://drive.usercontent.google.com/download?id=1df9xD8YmpVPESnVP4T8hKPbgxMaO8qYo&export=download&confirm=t
tc-e5-trace	data/ta1-trace-1-e5-official-1.bin.92.gz		md5:97a7bf9e6bf4a194e3ba54aae7255f46	https://drive.usercontent.google.com/download?id=1pGeaqsoWM6FUPRYwSqyFcdyuXVRRcQhL&export=download&confirm=t
tc-e5-trace	data/ta1-trace-1-e5-official-1.bin.93.gz		md5:115eec9c172d760878813ac2533c4e06	https://drive.usercontent.google.com/download?id=1L4Dh64KUOLVIzz7rL0rg8VETrBDmzRHi&export=download&confirm=t
tc-e5-trace	data/ta1-trace-1-e5-official-1.bin.94.gz		md5:57e44cfe4df21cca33b1f778bdf606c9	https://drive.usercontent.google.com/download?id=1yr6PPDTKh7GLe_B25JWJMGUULMTqiKoy&export=download&confirm=t
tc-e5-trace	data/ta1-trace-1-e5-official-1.bin.95.gz		md5:36f698b1afaec34b3a40994905bb5525	https://drive.usercontent.google.com/download?id=1iy6ueMZb7TNs9ns9LF8H24OzlkEKm2to&export=download&confirm=t
tc-e5-trace	data/ta1-trace-1-e5-official-1.bin.96.gz		md5:76d4ca6e43e10eec1b0f195b595b393d	https://drive.usercontent.google.com/download?id=1SQQ4pRQ61RVfkLVz7fScSlMaUg7KhwUo&export=download&confirm=t
tc-e5-trace	data/ta1-trace-1-e5-official-1.bin.97.gz		md5:34cc6d9d32eb4638b45bd7a1216fa28e	https://drive.usercontent.google.com/download?id=1zx5MC4Wo3ZkXQqOeST3U8-RgcSkjEDfs&export=download&confirm=t
tc-e5-trace	data/ta1-trace-1-e5-official-1.bin.98.gz		md5:194d2020f57285b2cb3fa205fe806e8d	https://drive.usercontent.google.com/download?id=1j7hqgBt_VvIvrnWCUj40w1DdfwWEnjkk&export=download&confirm=t
tc-e5-trace	data/ta1-trace-1-e5-official-1.bin.99.gz		md5:7e5b65b821f2621ae6528413f96f9f20	https://drive.usercontent.google.com/download?id=10eY9xKV2vKob844MY3kVODj7DctUtszO&export=download&confirm=t
tc-e5-trace	data/ta1-trace-1-e5-official-1.bin.gz		md5:55d3cb83a107ac9446cb6ddc4bfab90d	https://drive.usercontent.google.com/download?id=1cbs3XAcvuVtGVvxKpdiIeE05_GQD8wYa&export=download&confirm=t
tc-e5-trace	data/ta1-trace-2-e5-official-1.bin.1.gz		md5:6fe99509c4736caf7246ab531366ac4f	https://drive.usercontent.google.com/download?id=1AtKRKRhfq8cIodhl6HfwtyKUgtxI6cjq&export=download&confirm=t
tc-e5-trace	data/ta1-trace-2-e5-official-1.bin.10.gz		md5:e305918a6a4fd6a7a1d0fcd3a07670c4	https://drive.usercontent.google.com/download?id=1-931ijFdJJEbFN-YMf4GE4qAVcHxUvxz&export=download&confirm=t
tc-e5-trace	data/ta1-trace-2-e5-official-1.bin.100.gz		md5:cba48e3b1c8f504cb2d488f3c0fc3544	https://drive.usercontent.google.com/download?id=1nx4vyF3-Qw-ishkzf-ZXLNW2_VD6UzCC&export=download&confirm=t
tc-e5-trace	data/ta1-trace-2-e5-official-1.bin.101.gz		md5:76db68e9cf4edabdad249c5ead5aea15	https://drive.usercontent.google.com/download?id=1U-Gzqm895v-LE-5WLqIPMT---H5tXeW4&export=download&confirm=t
tc-e5-trace	data/ta1-trace-2-e5-official-1.bin.102.gz		md5:6493364114bfb16eceb9abb86a03b6e2	https://drive.usercontent.google.com/download?id=1k-Uhj-3ZDCgudrcUAJRXqJymWyYaZIUy&export=download&confirm=t
tc-e5-trace	data/ta1-trace-2-e5-official-1.bin.103.gz		md5:5b0473d927314d3f01ead9088cc39c33	https://drive.usercontent.google.com/download?id=1MzARjIhk__yxhnJCJDNbKaPuc-uYa5iA&export=download&confirm=t
tc-e5-trace	data/ta1-trace-2-e5-official-1.bin.104.gz		md5:22df9183f6263d26864fac3d6ad34162	https://drive.usercontent.google.com/download?id=1zS9NenAnhKDYws36WDzFJzPNuaW1UYWE&export=download&confirm=t
tc-e5-trace	data/ta1-trace-2-e5-official-1.bin.105.gz		md5:0be3af2a6c74500ebc7ef1d8ce695e34	https://drive.usercontent.google.com/download?id=1t9BQpeW9xs6S_P24KyYSe7OcR_Edal3N&export=download&confirm=t
tc-e5-trace	data/ta1-trace-2-e5-official-1.bin.106.gz		md5:d98e2aaefd3335349eaef0e4d088b52f	https://drive.usercontent.google.com/download?id=1CfFgMxBcHR0_ldgRhqD3g779DD1ea5am&export=download&confirm=t
tc-e5-trace	data/ta1-trace-2-e5-official-1.bin.107.gz		md5:7272ab3b8b22751d2094b9054e814679	https://drive.usercontent.google.com/download?id=1c-RhfpXyAl7LUuopg04mMntvvgddewiy&export=download&confirm=t
tc-e5-trace	data/ta1-trace-2-e5-official-1.bin.108.gz		md5:8f46c6489460677cbb86c601254946c1	https://drive.usercontent.google.com/download?id=1ymLZJoWJM7fWOGXjw1Ffvzs_52dKHe4w&export=download&confirm=t
tc-e5-trace	data/ta1-trace-2-e5-official-1.bin.109.gz		md5:a1189be76aec44b5dd7c40f87196eec2	https://drive.usercontent.google.com/download?id=1L0CVFABO7qaCv6ZntvGnzqhMfoCwmhT3&export=download&confirm=t
tc-e5-trace	data/ta1-trace-2-e5-official-1.bin.11.gz		md5:8b556784c15edf606a7a2213af296e0e	https://drive.usercontent.google.com/download?id=1f_3NUK7smyFu3QVAM3pVs_WMW1qdph7h&export=download&confirm=t
tc-e5-trace	data/ta1-trace-2-e5-official-1.bin.110.gz		md5:ed7b3ee0a650641cb1e77b3f40981929	https://drive.usercontent.google.com/download?id=1OaGgDF2sk9tUJuzL0gDgV8m1dHLRwGlC&export=download&confirm=t
tc-e5-trace	data/ta1-trace-2-e5-official-1.bin.111.gz		md5:54626f47e5f1d49e0a56c4ca66a86ee7	https://drive.usercontent.google.com/download?id=10Et7wqQQkfZvjnxslYPkmlDV9OZ_G-HS&export=download&confirm=t
tc-e5-trace	data/ta1-trace-2-e5-official-1.bin.112.gz		md5:084f19b74c2d5ee959ff48a8c4fc315a	https://drive.usercontent.google.com/download?id=1m5-99PsmniaftpcvbHOfFjNxDqF69GTh&export=download&confirm=t
tc-e5-trace	data/ta1-trace-2-e5-official-1.bin.113.gz		md5:f0c8d4c371733d8864fb193bdf7d1c25	https://drive.usercontent.google.com/download?id=12F0FMDrr-7CuVmbOZcZYY6ccTvMD8s48&export=download&confirm=t
tc-e5-trace	data/ta1-trace-2-e5-official-1.bin.114.gz		md5:f3f1f8a7a7537b18c5f86f2bcb265e44	https://drive.usercontent.google.com/download?id=1w3y0sekOZA_tgqRbQa1BqzsBpQvAn9Zy&export=download&confirm=t
tc-e5-trace	data/ta1-trace-2-e5-official-1.bin.115.gz		md5:373fa0505fd69715977fa1c47ab48efc	https://drive.usercontent.google.com/download?id=1oRrxIUgw4NlYfZEQMGjaf5zdBfAg3dUp&export=download&confirm=t
tc-e5-trace	data/ta1-trace-2-e5-official-1.bin.116.gz		md5:2739db8e7846951453013e42e0e21d8e	https://drive.usercontent.google.com/download?id=1jXF3WQG-6q38xM-fO_XmBdUEQaQzBOrE&export=download&confirm=t
tc-e5-trace	data/ta1-trace-2-e5-official-1.bin.117.gz		md5:d4cc88dc6f7ae5c396356512773e8c97	https://drive.usercontent.google.com/download?id=1J4AUuUY1yV44HzJxu-BkqKJn4MfiMKv_&export=download&confirm=t
tc-e5-trace	data/ta1-trace-2-e5-official-1.bin.118.gz		md5:0e720e20386be324b51d1f7710eb46a1	https://drive.usercontent.google.com/download?id=1W4NNNOEqIHz4_2mxM9LBv-wBfZPbAVJA&export=download&confirm=t
tc-e5-trace	data/ta1-trace-2-e5-official-1.bin.119.gz		md5:f3a038c3dc1971363c2eb8d0c3ba78bc	https://drive.usercontent.google.com/download?id=1RtS5u4ivEaNyooO55cwi9XqyrCq4ptIO&export=download&confirm=t
tc-e5-trace	data/ta1-trace-2-e5-official-1.bin.12.gz		md5:e050c6b4ec2dda92797b7c680c8c64e5	https://drive.usercontent.google.com/download?id=1In4Am7mRyuIW1udFecd1EKsApRkCACdh&export=download&confirm=t
tc-e5-trace	data/ta1-trace-2-e5-official-1.bin.120.gz		md5:8f97af61b351ef50f991e2b63eb23cec	https://drive.usercontent.google.com/download?id=1rtC7mkfiVwowWaEKRQbmJ-JvggQ5E_mZ&export=download&confirm=t
tc-e5-trace	data/ta1-trace-2-e5-official-1.bin.121.gz		md5:3eab9ef8e57157a1b32ca9cf387e7d57	https://drive.usercontent.google.com/download?id=1dgbwNwRWV2KPBcOOngB1RABlXc5ZNfEl&export=download&confirm=t
tc-e5-trace	data/ta1-trace-2-e5-official-1.bin.122.gz		md5:3a568f856dbfa595b3201b9ec84eb42e	https://drive.usercontent.google.com/download?id=1exPyzUvESNsYKz6308jTFiiyCbVMp_WB&export=download&confirm=t
tc-e5-trace	data/ta1-trace-2-e5-official-1.bin.123.gz		md5:db45880b6318c7e81fb9e4a82e13b6ea	https://drive.usercontent.google.com/download?id=1XNIlrLkjhgj4i7GnZXPeBJVz5IRBCj-A&export=download&confirm=t
tc-e5-trace	data/ta1-trace-2-e5-official-1.bin.124.gz		md5:3f9026207618e516b9bbb775d06fa948	https://drive.usercontent.google.com/download?id=1XbRSyuhX-yuKnhcuXX7J1r2txKfuVKpJ&export=download&confirm=t
tc-e5-trace	data/ta1-trace-2-e5-official-1.bin.125.gz		md5:f5f4d1d479214063a91dbdc8e9d2551c	https://drive.usercontent.google.com/download?id=1bMNhqJN1gTjggCCLmRSALdSkSryFl78K&export=download&confirm=t
tc-e5-trace	data/ta1-trace-2-e5-official-1.bin.126.gz		md5:dfce54023aa4f75e5b598244380a88b0	https://drive.usercontent.google.com/download?id=1PPMktEWY8yBbvVLAMweqHZPLTBqwTSto&export=download&confirm=t
tc-e5-trace	data/ta1-trace-2-e5-official-1.bin.127.gz		md5:4a3b5bdb33b6c8ba5f90a8f6f84f97e5	https://drive.usercontent.google.com/download?id=1RFFI2pFErLomwluXk_ESrxWZM-f4Zy7l&export=download&confirm=t
tc-e5-trace	data/ta1-trace-2-e5-official-1.bin.128.gz		md5:18cc838d5c74d7232f3a82ea6acc117a	https://drive.usercontent.google.com/download?id=1YvMs-c24Tjs9LayUaUGvyeT_yW1Ir2Tt&export=download&confirm=t
tc-e5-trace	data/ta1-trace-2-e5-official-1.bin.129.gz		md5:904a50b7f99281e0cb975b68f48d430b	https://drive.usercontent.google.com/download?id=1Heb15QBC0plAeS_DGgh6PV8gnHGq6Vlf&export=download&confirm=t
tc-e5-trace	data/ta1-trace-2-e5-official-1.bin.13.gz		md5:8c71fa646903afdd3dd9ac0abbe19f5d	https://drive.usercontent.google.com/download?id=1qhWqtIQlyq4kbVQksJuB9dei7MaHUzKq&export=download&confirm=t
tc-e5-trace	data/ta1-trace-2-e5-official-1.bin.130.gz		md5:f9a5814e0b8e27d178ca8c35350f4136	https://drive.usercontent.google.com/download?id=1YdjGfS6Tbkoq9yMRfgY2INbKRVQBhLA1&export=download&confirm=t
tc-e5-trace	data/ta1-trace-2-e5-official-1.bin.131.gz		md5:cd9fc648bcd1da6056405fa9bcd74653	https://drive.usercontent.google.com/download?id=1vcKxFywI90AXQCtHRoF3c9ZLuIfKp2HS&export=download&confirm=t
tc-e5-trace	data/ta1-trace-2-e5-official-1.bin.132.gz		md5:2ba36ebb8c5e7f9052b1fc243157c132	https://drive.usercontent.google.com/download?id=1-eLjo8SzcilO3bnhAcLdyWz-d_bpZe06&export=download&confirm=t
tc-e5-trace	data/ta1-trace-2-e5-official-1.bin.133.gz		md5:c5371605bb98fcc81900b15831ad6545	https://drive.usercontent.google.com/download?id=1SE2H912kGkeK6OZZOmmCDvxVxbF_VQ8G&export=download&confirm=t
tc-e5-trace	data/ta1-trace-2-e5-official-1.bin.134.gz		md5:15ab0db98ca092d5b8159fed78349dc6	https://drive.usercontent.google.com/download?id=1K0poN6ZP3WR_FG631y-XKnwPEWWxU8ns&export=download&confirm=t
tc-e5-trace	data/ta1-trace-2-e5-official-1.bin.135.gz		md5:d6759e519a9df1d3619e2524464c82b3	https://drive.usercontent.google.com/download?id=16ZPibO2lD3e6wKV3ypoiYpFmM9Wea4HY&export=download&confirm=t
tc-e5-trace	data/ta1-trace-2-e5-official-1.bin.136.gz		md5:7b3d4ab0d038133ca3a3fdfe12306870	https://drive.usercontent.google.com/download?id=1tGPrZ7M7kIKUgqSkt28Q-AlPELXU5e9V&export=download&confirm=t
tc-e5-trace	data/ta1-trace-2-e5-official-1.bin.137.gz		md5:af6a10fb7252537215cbe9533cee68d3	https://drive.usercontent.google.com/download?id=1iy5jDHjuoLiTNTmZNAdcRutly8RRXftv&export=download&confirm=t
tc-e5-trace	data/ta1-trace-2-e5-official-1.bin.138.gz		md5:6fdd31d7e5e233c84d33d66a4bd0cb6d	https://drive.usercontent.google.com/download?id=1OPjvFqodVMiJIxwqvPnLJq8csmcVr9mm&export=download&confirm=t
tc-e5-trace	data/ta1-trace-2-e5-official-1.bin.139.gz		md5:3cc67894524bb12f938099607600d7f7	https://drive.usercontent.google.com/download?id=1vxHb8phLMaEN7JMWxzpxzFdZzC91mJ38&export=download&confirm=t
tc-e5-trace	data/ta1-trace-2-e5-official-1.bin.14.gz		md5:f70156d6a709fc7f2c469208b9ca8173	https://drive.usercontent.google.com/download?id=1aTVmQtHMQmVhYU5LUEq9iZr9o7TDOyg9&export=download&confirm=t
tc-e5-trace	data/ta1-trace-2-e5-official-1.bin.140.gz		md5:e6ea011a3777765af2af6f66c8474983	https://drive.usercontent.google.com/download?id=1iaWP07kip3tKgD96Vw8UpNhR_TwmY4o0&export=download&confirm=t
tc-e5-trace	data/ta1-trace-2-e5-official-1.bin.141.gz		md5:b64977c9622c200553de2cd590444ce5	https://drive.usercontent.google.com/download?id=1nd6uONe_8R3VWLT-KYeuq1F_-d7okXun&export=download&confirm=t
tc-e5-trace	data/ta1-trace-2-e5-official-1.bin.142.gz		md5:e9d7308301f33d5bce0276f476350b0c	https://drive.usercontent.google.com/download?id=1CxcY-0pITtdgC1-sse_IJcHYQaIYR956&export=download&confirm=t
tc-e5-trace	data/ta1-trace-2-e5-official-1.bin.143.gz		md5:4b4e5db9acd88a851d7b2875c5637008	https://drive.usercontent.google.com/download?id=1fL1sfKi3RdnBeUY660ki-zPBw7Y0-9jB&export=download&confirm=t
tc-e5-trace	data/ta1-trace-2-e5-official-1.bin.144.gz		md5:c0ca8c85612dac77cc85b25a103cfb2b	https://drive.usercontent.google.com/download?id=1BMyJZrzDD1XtLVV2KQrT2jYODn5nu5LG&export=download&confirm=t
tc-e5-trace	data/ta1-trace-2-e5-official-1.bin.145.gz		md5:451c1b0d625dd832a082f28ff848e940	https://drive.usercontent.google.com/download?id=1YEAL5_1t7Q_NO288aBSXUMO-G6pNQpy0&export=download&confirm=t
tc-e5-trace	data/ta1-trace-2-e5-official-1.bin.146.gz		md5:3a6e44d6c2149984610d6987fb49c31e	https://drive.usercontent.google.com/download?id=1Yryp8S8ewVQwmGlUVw8_SmUico6XwXt_&export=download&confirm=t
tc-e5-trace	data/ta1-trace-2-e5-official-1.bin.147.gz		md5:b98c4bb62dde571115d6c002db4851fc	https://drive.usercontent.google.com/download?id=1xLfKGM_jm67c4OYICt9xrOnIzh9yJ7Ky&export=download&confirm=t
tc-e5-trace	data/ta1-trace-2-e5-official-1.bin.148.gz		md5:df8313283708fce08dbbb60ba2aaa5bf	https://drive.usercontent.google.com/download?id=1B3GT0jPbJnC9pCA_9JvhCf5mHhw2_ciz&export=download&confirm=t
tc-e5-trace	data/ta1-trace-2-e5-official-1.bin.149.gz		md5:5b96d730571b1a01f51c310bfab6e1ec	https://drive.usercontent.google.com/download?id=1r5EJB8Opfjj5FpxaBbSLvzAnrztz6oSk&export=download&confirm=t
tc-e5-trace	data/ta1-trace-2-e5-official-1.bin.15.gz		md5:7973aae8c7256c7e18f3745684dc99b8	https://drive.usercontent.google.com/download?id=1F8XE79hsWohRv9iiKox02GuhI11wDJ-Y&export=download&confirm=t
tc-e5-trace	data/ta1-trace-2-e5-official-1.bin.150.gz		md5:5a3e9c58494980dc25fd72ac1ca8373e	https://drive.usercontent.google.com/download?id=1_Uu_IkaXkvwD8pBvUa9smpZCMWtKk8UL&export=download&confirm=t
tc-e5-trace	data/ta1-trace-2-e5-official-1.bin.151.gz		md5:dac5fa1346250bb27c392a7d73a6686e	https://drive.usercontent.google.com/download?id=1I7Mbgi69af-sQvYIXlixjpWJ6XoGThPC&export=download&confirm=t
tc-e5-trace	data/ta1-trace-2-e5-official-1.bin.152.gz		md5:f7f34370388f82ee3ba0ab80a3757dde	https://drive.usercontent.google.com/download?id=1LFLt6i66cInDNACXRqqW7b5PcRcOpiZ_&export=download&confirm=t
tc-e5-trace	data/ta1-trace-2-e5-official-1.bin.153.gz		md5:1377a0fc64af0f671a291227ff82a901	https://drive.usercontent.google.com/download?id=1VN93SiRzF3WVq8e7zGMIY44nmBPLtrXP&export=download&confirm=t
tc-e5-trace	data/ta1-trace-2-e5-official-1.bin.154.gz		md5:b0bc7939a7c6e95e7317c0dfbc83373a	https://drive.usercontent.google.com/download?id=1dHIBvUi_USZW6rpxDItd_8fjWcI9RxiN&export=download&confirm=t
tc-e5-trace	data/ta1-trace-2-e5-official-1.bin.155.gz		md5:f0dcad929549ea50c6ac74bbe8d34c0a	https://drive.usercontent.google.com/download?id=1-_rvKiCbWOaHWn-JqCnItuI21Yw5cLxM&export=download&confirm=t
tc-e5-trace	data/ta1-trace-2-e5-official-1.bin.156.gz		md5:bd9d720f2b0c3e0435152e761fcb5d33	https://drive.usercontent.google.com/download?id=1Ii6k615yDNfARMth-NltmLHlt2oOYUxG&export=download&confirm=t
tc-e5-trace	data/ta1-trace-2-e5-official-1.bin.157.gz		md5:f1254cc4c9364ed45f2e6eb4c45697cd	https://drive.usercontent.google.com/download?id=1hOmRsDevzdgpEkUNiHTC6_skeib0yrej&export=download&confirm=t
tc-e5-trace	data/ta1-trace-2-e5-official-1.bin.158.gz		md5:ec1db0053e210a4221b564193a8ea861	https://drive.usercontent.google.com/download?id=1L0U60pFC82GCMecQ2ZAcprJIqM3ktYHI&export=download&confirm=t
tc-e5-trace	data/ta1-trace-2-e5-official-1.bin.159.gz		md5:dd7ad5daa17147385809f5e2f8a793ce	https://drive.usercontent.google.com/download?id=1HlZdyDy3mnwtdi5fcCQW5qTHgSkWFblb&export=download&confirm=t
tc-e5-trace	data/ta1-trace-2-e5-official-1.bin.16.gz		md5:82ca52a8fcc03f2543fe0f3f14ae3cef	https://drive.usercontent.google.com/download?id=1MD_kpuD52TlGdzAZPeR3aerV-nOkLJ7H&export=download&confirm=t
tc-e5-trace	data/ta1-trace-2-e5-official-1.bin.160.gz		md5:10c69fc088f64da8b0ed9f3d5790b6f4	https://drive.usercontent.google.com/download?id=1YsEmdN1GEDK7hA4pnsUB6WFBeVv05AkI&export=download&confirm=t
tc-e5-trace	data/ta1-trace-2-e5-official-1.bin.161.gz		md5:26b1650a665b334bf9e1d1dd5faba7a6	https://drive.usercontent.google.com/download?id=1xB36ec1usKp-b7dJIA5FV1vX3vHnmCJJ&export=download&confirm=t
tc-e5-trace	data/ta1-trace-2-e5-official-1.bin.162.gz		md5:884f2ec48a4b99ecf0b9cecca92b9d0f	https://drive.usercontent.google.com/download?id=1RdTbUfWLSsiU_TmiGG71zELKIkHPucwq&export=download&confirm=t
tc-e5-trace	data/ta1-trace-2-e5-official-1.bin.163.gz		md5:252a5e13372572e3a83b2002abe1a8b3	https://drive.usercontent.google.com/download?id=1bGbeuNprpj1qh0mF7BSTmCFUda3L82im&export=download&confirm=t
tc-e5-trace	data/ta1-trace-2-e5-official-1.bin.164.gz		md5:373a40311ee2346229704440b7f56df7	https://drive.usercontent.google.com/download?id=1SXY65Nu85isabXxfInQmT8DPNGNhDqgE&export=download&confirm=t
tc-e5-trace	data/ta1-trace-2-e5-official-1.bin.165.gz		md5:1c9dbce063aa3ad6ff2d5d4f08fc5155	https://drive.usercontent.google.com/download?id=1FUJ5epumP980O4K9mKyTrbID87cvCAnB&export=download&confirm=t
tc-e5-trace	data/ta1-trace-2-e5-official-1.bin.166.gz		md5:c5118929d3aeccebc2ec5cbf5a9700ec	https://drive.usercontent.google.com/download?id=17qt4H_zcTEhHkTYGznGwa9edO1A9iTZ7&export=download&confirm=t
tc-e5-trace	data/ta1-trace-2-e5-official-1.bin.167.gz		md5:8d28fde530f5064e30720321bfc17eee	https://drive.usercontent.google.com/download?id=1CieGqVhYSdv-OnEiL6azwcaoi07GSqau&export=download&confirm=t
tc-e5-trace	data/ta1-trace-2-e5-official-1.bin.168.gz		md5:440c17b3205a975adb669307c957ab06	https://drive.usercontent.google.com/download?id=10No81tsIfjZqXU62v8o0UMPYWK07fdr0&export=download&confirm=t
tc-e5-trace	data/ta1-trace-2-e5-official-1.bin.169.gz		md5:6cfe1bedd4f2f46283b9c1682b5970b8	https://drive.usercontent.google.com/download?id=1fqq7NEGHvuwBBR7CkxP8qVyfyL_sxxO-&export=download&confirm=t
tc-e5-trace	data/ta1-trace-2-e5-official-1.bin.17.gz		md5:b0d684c7892b1d4cdacac60d9126cd79	https://drive.usercontent.google.com/download?id=1L9F7Pe4KZZ6CWTL-L1M72NEXiOpp9Xu_&export=download&confirm=t
tc-e5-trace	data/ta1-trace-2-e5-official-1.bin.170.gz		md5:8cd2902ba99d04181fa0263a451a8f4a	https://drive.usercontent.google.com/download?id=1I-PF96iNk1EQD_f--X7WcE_v3ylElj6h&export=download&confirm=t
tc-e5-trace	data/ta1-trace-2-e5-official-1.bin.171.gz		md5:6eb2b502cb6c34e3729dc61dd29ad154	https://drive.usercontent.google.com/download?id=1-eqV75WHBWLDLBqQIiWA2LLfV0Tfel1f&export=download&confirm=t
tc-e5-trace	data/ta1-trace-2-e5-official-1.bin.172.gz		md5:e804765595d4f2040c6ca5a95718be53	https://drive.usercontent.google.com/download?id=1jeOcEDNYe3U_JNYV3yDaVjOo7mRGqmI1&export=download&confirm=t
tc-e5-trace	data/ta1-trace-2-e5-official-1.bin.173.gz		md5:fc0125ea45cbbb71f31b4862e32d8916	https://drive.usercontent.google.com/download?id=1eiR7kSIRuZdCCcSkLx04Ph57SwsR_mdq&export=download&confirm=t
tc-e5-trace	data/ta1-trace-2-e5-official-1.bin.174.gz		md5:818c03c7379004c6190da6ac6abc2e10	https://drive.usercontent.google.com/download?id=1PCu1-Y7tkfOTAhB9-ZIndGo9moRd6-vv&export=download&confirm=t
tc-e5-trace	data/ta1-trace-2-e5-official-1.bin.175.gz		md5:670930a3a2476aae6f68a8b5b6a117be	https://drive.usercontent.google.com/download?id=1xgPNEdM0zCr-Wj3WRmJh0JTCXsAhpVlU&export=download&confirm=t
tc-e5-trace	data/ta1-trace-2-e5-official-1.bin.176.gz		md5:48b46e49e179cc9d5766e2cdb9c554e1	https://drive.usercontent.google.com/download?id=1ArX-J60IvYLo7ViupiKJbu8yhhTMCZCi&export=download&confirm=t
tc-e5-trace	data/ta1-trace-2-e5-official-1.bin.177.gz		md5:9c214416ef9adff332e7be24055fa4a1	https://drive.usercontent.google.com/download?id=1eXK7vYpW5g2iW2Z2jJR3wWI0mV2aVRo7&export=download&confirm=t
tc-e5-trace	data/ta1-trace-2-e5-official-1.bin.178.gz		md5:1186c8a7c2cc75424dd0353aa1d29212	https://drive.usercontent.google.com/download?id=1KCvXihdN91xwx6TseySlbQrC56_son5g&export=download&confirm=t
tc-e5-trace	data/ta1-trace-2-e5-official-1.bin.179.gz		md5:9cbea4f77b0920dffe77c6a4ae75a455	https://drive.usercontent.google.com/download?id=1bNQWDHY2KiQ1Ey2YN-6Rg-7BXojiWm43&export=download&confirm=t
tc-e5-trace	data/ta1-trace-2-e5-official-1.bin.18.gz		md5:30a4ffc8b087c7c60b4e46642e459fd0	https://drive.usercontent.google.com/download?id=1nkRLLJHjDhpWcCIxG3iXodyUKL4tT6BG&export=download&confirm=t
tc-e5-trace	data/ta1-trace-2-e5-official-1.bin.180.gz		md5:12941085fd7967303686cfb0345ed9c4	https://drive.usercontent.google.com/download?id=1nfYsycPebmLgSjzICyn8hgpBvowwxxgX&export=download&confirm=t
tc-e5-trace	data/ta1-trace-2-e5-official-1.bin.181.gz		md5:621a7ebe3001a06ae12dd525af9ddda4	https://drive.usercontent.google.com/download?id=1_0v9XZuG89lU7CafRa_GkSq1o8PNUm0k&export=download&confirm=t
tc-e5-trace	data/ta1-trace-2-e5-official-1.bin.182.gz		md5:01324301ad541ffd7c2b80041dc8a9a8	https://drive.usercontent.google.com/download?id=1MOnc5WCkUO9_xDNrnXefIwbm3nj9ymo7&export=download&confirm=t
tc-e5-trace	data/ta1-trace-2-e5-official-1.bin.183.gz		md5:871d76a4965f198fa14c5323d5a14c00	https://drive.usercontent.google.com/download?id=1TMS8SQlvEWSIAD5cHrMoO9cgBL_qSM0e&export=download&confirm=t
tc-e5-trace	data/ta1-trace-2-e5-official-1.bin.184.gz		md5:7ae429efc911db3b33c9463406ec80a4	https://drive.usercontent.google.com/download?id=15fmJcWivTVJM2fAbID_otiGfCn5-OuGq&export=download&confirm=t
tc-e5-trace	data/ta1-trace-2-e5-official-1.bin.185.gz		md5:9622377515453be55ce860198a681715	https://drive.usercontent.google.com/download?id=13cnMP5EiqGBoR_UoX-czpI-m6lemnH_w&export=download&confirm=t
tc-e5-trace	data/ta1-trace-2-e5-official-1.bin.186.gz		md5:71bb683e47e90e0e6e47285210e5c9a4	https://drive.usercontent.google.com/download?id=15cYUTd2t6GpAIjtAabWpzttfmRCvvtGF&export=download&confirm=t
tc-e5-trace	data/ta1-trace-2-e5-official-1.bin.187.gz		md5:947d63e730181d2d86f8cbf231eb981e	https://drive.usercontent.google.com/download?id=138FyYyR0wbhiI0DSTrvziUBrHIyFq622&export=download&confirm=t
tc-e5-trace	data/ta1-trace-2-e5-official-1.bin.188.gz		md5:ac2aa6e98ded1ecabbaf3c251e2b0cf0	https://drive.usercontent.google.com/download?id=1Q1xnTDCf795KDI0gk_mHtgLvV9mHpzn4&export=download&confirm=t
tc-e5-trace	data/ta1-trace-2-e5-official-1.bin.189.gz		md5:f855d5edfa2427b3b38b536ee7b5df61	https://drive.usercontent.google.com/download?id=1MRhiSoMSd-79Yw3epl73yXdfa4G7GiDG&export=download&confirm=t
tc-e5-trace	data/ta1-trace-2-e5-official-1.bin.19.gz		md5:fd98712d51edb78b1e54483e40fc703a	https://drive.usercontent.google.com/download?id=1mYEM_BXLggib_A_zttyVqC2vcJepqyzo&export=download&confirm=t
tc-e5-trace	data/ta1-trace-2-e5-official-1.bin.190.gz		md5:73885901a29bfac8148ac08b97d81fc3	https://drive.usercontent.google.com/download?id=1J4yQlp36aQlYfy-sQpvVua4_Xr5UiB1o&export=download&confirm=t
tc-e5-trace	data/ta1-trace-2-e5-official-1.bin.2.gz		md5:40a600946cee58f941ed46fecb634193	https://drive.usercontent.google.com/download?id=1GWTwJLOfi5WoKW2WGrW-uEuy_HRv0WTe&export=download&confirm=t
tc-e5-trace	data/ta1-trace-2-e5-official-1.bin.20.gz		md5:9ebe0cf39494d1bd4508761ba9b89609	https://drive.usercontent.google.com/download?id=1nbJlL5iIsvKQpAFncu_J179DEyxtZNCp&export=download&confirm=t
tc-e5-trace	data/ta1-trace-2-e5-official-1.bin.21.gz		md5:f6704c027d9bbedc5db1b3099f947a74	https://drive.usercontent.google.com/download?id=1SCOEpy7pJdmiAGdWk4J2hO1zVvlC7mVl&export=download&confirm=t
tc-e5-trace	data/ta1-trace-2-e5-official-1.bin.22.gz		md5:901771c76f4accfc81b8f408ba7c7e10	https://drive.usercontent.google.com/download?id=18dCDR56A0XCYaAoHR6fBg3ag2GzY9wjf&export=download&confirm=t
tc-e5-trace	data/ta1-trace-2-e5-official-1.bin.23.gz		md5:c0b143bfac539bb557eee68cfc42ad8d	https://drive.usercontent.google.com/download?id=1WDKg3z9L5MuZhFwg8oSQHmm1v1YMUkZf&export=download&confirm=t
tc-e5-trace	data/ta1-trace-2-e5-official-1.bin.24.gz		md5:4619a13d6ecfda815920b66ca189e430	https://drive.usercontent.google.com/download?id=1rnUTQfQp4MCvel6KNebsxXf7VhvUsTey&export=download&confirm=t
tc-e5-trace	data/ta1-trace-2-e5-official-1.bin.25.gz		md5:2cbc31588d0ee562db923116b5cf918e	https://drive.usercontent.google.com/download?id=1HW1419H-6I_wHqmdqDE7oaaJegQXOemj&export=download&confirm=t
tc-e5-trace	data/ta1-trace-2-e5-official-1.bin.26.gz		md5:10900501c1cd5d92e2a1f93a5fb97328	https://drive.usercontent.google.com/download?id=1z-YCks0V5Q2MRnRs6cnGloA5FYgEZMDt&export=download&confirm=t
tc-e5-trace	data/ta1-trace-2-e5-official-1.bin.27.gz		md5:e94a7ac0c6b1833fed7f64da598b305b	https://drive.usercontent.google.com/download?id=15Ut538lAZv_PImNCe74ay5dImWliqrAR&export=download&confirm=t
tc-e5-trace	data/ta1-trace-2-e5-official-1.bin.28.gz		md5:cf5438fd4b1cfdec95c06e49e2fc8321	https://drive.usercontent.google.com/download?id=1mCr_sUr-MdA_D1UrxKG3UZsZ7CdG_5Z6&export=download&confirm=t
tc-e5-trace	data/ta1-trace-2-e5-official-1.bin.29.gz		md5:92fe5cfc41fa7d02b42111750ab75e73	https://drive.usercontent.google.com/download?id=1EcmlW_TDosiWbESkN_kHv9IvHr8x99-W&export=download&confirm=t
tc-e5-trace	data/ta1-trace-2-e5-official-1.bin.3.gz		md5:26447d19d6a9d038afc5d3340012baeb	https://drive.usercontent.google.com/download?id=1RLQ6PRveU4lzkCw0YYu04u9j3nFNwKq-&export=download&confirm=t
tc-e5-trace	data/ta1-trace-2-e5-official-1.bin.30.gz		md5:ca6ced86b75aba3926fa58ec8b3ec7bf	https://drive.usercontent.google.com/download?id=1viKOdjiPYXrQUsPo3--i3nsIuCwIhGKk&export=download&confirm=t
tc-e5-trace	data/ta1-trace-2-e5-official-1.bin.31.gz		md5:078a17635e3d49514b276ca9561359b1	https://drive.usercontent.google.com/download?id=1Et2SaVpKVeCKqhtCPPrShgp_jBfLPeWH&export=download&confirm=t
tc-e5-trace	data/ta1-trace-2-e5-official-1.bin.32.gz		md5:841b3c1abca5e4c8f4af32833800ffd1	https://drive.usercontent.google.com/download?id=1Pfj0lwPa0JFNBvX8mEf1RDiLPr58DIMi&export=download&confirm=t
tc-e5-trace	data/ta1-trace-2-e5-official-1.bin.33.gz		md5:4d7a15e99dc52b53168905ff955e0cb3	https://drive.usercontent.google.com/download?id=1CWiEe_sddTDxcFRiz6LQzSBdNIC9kSyc&export=download&confirm=t
tc-e5-trace	data/ta1-trace-2-e5-official-1.bin.34.gz		md5:12471a47eef477b31ad94b85d88ba58e	https://drive.usercontent.google.com/download?id=1kEpvRAvZwhDvjCmUAfhW8h7bciQ3DXKd&export=download&confirm=t
tc-e5-trace	data/ta1-trace-2-e5-official-1.bin.35.gz		md5:9ce5201bdaea517e2f5df4e151bad57c	https://drive.usercontent.google.com/download?id=11Spxxhh1u8Pmb-srqDS6jqF7nriWISDu&export=download&confirm=t
tc-e5-trace	data/ta1-trace-2-e5-official-1.bin.36.gz		md5:2741f3407563cea83040e267242a63d6	https://drive.usercontent.google.com/download?id=14_frTRdg8PbwD_6uH33fMgMS8vCFyTM2&export=download&confirm=t
tc-e5-trace	data/ta1-trace-2-e5-official-1.bin.37.gz		md5:7eb15f58cb999367ea7c13b011608fc6	https://drive.usercontent.google.com/download?id=1jWOF7QfSIfzuzxn9pUab8ONs6KbtQLwQ&export=download&confirm=t
tc-e5-trace	data/ta1-trace-2-e5-official-1.bin.38.gz		md5:5d587f19e92c4c5c3651dd5a81478d7a	https://drive.usercontent.google.com/download?id=10dwisZx438mbt5FeNbqwGCgjlizaeu2E&export=download&confirm=t
tc-e5-trace	data/ta1-trace-2-e5-official-1.bin.39.gz		md5:1be85e6728f68dfbe9089f22e342c4fc	https://drive.usercontent.google.com/download?id=11CT8Hn_qXP3eo-SiAifD0o9ox63MYKbC&export=download&confirm=t
tc-e5-trace	data/ta1-trace-2-e5-official-1.bin.4.gz		md5:f3de6b053c0e02145630f7c451e5496a	https://drive.usercontent.google.com/download?id=16PRhGVTsN7rZkXa5d4qgRIdXTnnba9QA&export=download&confirm=t
tc-e5-trace	data/ta1-trace-2-e5-official-1.bin.40.gz		md5:bd513d7af084c8858dabac6eb2719da8	https://drive.usercontent.google.com/download?id=1dHq9sTj7fagwhewTEx1FfcQG1iMQs60X&export=download&confirm=t
tc-e5-trace	data/ta1-trace-2-e5-official-1.bin.41.gz		md5:589170461221df54ecbbb83a21dd0ef4	https://drive.usercontent.google.com/download?id=1ZcwMl5im9AvvQhkhE3zQLFa9aNio1kFh&export=download&confirm=t
tc-e5-trace	data/ta1-trace-2-e5-official-1.bin.42.gz		md5:044f2a9dee859b7ed459f1e2b1c068d3	https://drive.usercontent.google.com/download?id=19_ExYR2a4QLRhD2pDt7CYXZLGhTkYOr1&export=download&confirm=t
tc-e5-trace	data/ta1-trace-2-e5-official-1.bin.43.gz		md5:f0e6ee0c74cab194f2fe78bc0a3377a8	https://drive.usercontent.google.com/download?id=1mFGfGiRA_7GilNICSFG2g5BuQhnJYh18&export=download&confirm=t
tc-e5-trace	data/ta1-trace-2-e5-official-1.bin.44.gz		md5:678b61ab862bbd721c5c05ada2326d26	https://drive.usercontent.google.com/download?id=11U08V3JR54sLKPdtWeNOpHrlNeLR2j0R&export=download&confirm=t
tc-e5-trace	data/ta1-trace-2-e5-official-1.bin.45.gz		md5:4bed94c9aa97d4a9df0cd430b160b104	https://drive.usercontent.google.com/download?id=1Qpf1zAlMYMyQZk3aNFXIIKi4CV3x1KEa&export=download&confirm=t
tc-e5-trace	data/ta1-trace-2-e5-official-1.bin.46.gz		md5:489e6bd761d9d390adef9e1687dd2868	https://drive.usercontent.google.com/download?id=1c4GiIeY88oyEwz4eeqM88cQLxwwmwHUK&export=download&confirm=t
tc-e5-trace	data/ta1-trace-2-e5-official-1.bin.47.gz		md5:3db5638cd7f6b08626d6401c203ce466	https://drive.usercontent.google.com/download?id=1hQXFju3mmIFCg9CunSNfoXvZwP2Y9JMh&export=download&confirm=t
tc-e5-trace	data/ta1-trace-2-e5-official-1.bin.48.gz		md5:ffc86de0faadfb5c91b180d5f41291d4	https://drive.usercontent.google.com/download?id=18iJK3V4DQcobnCmnyk4RwDWLPbKRjMk0&export=download&confirm=t
tc-e5-trace	data/ta1-trace-2-e5-official-1.bin.49.gz		md5:fef4a41cc30a15f40bc995f94fc707c3	https://drive.usercontent.google.com/download?id=1W3-1GYWKvT3sO9r4knNzmaLD4vmBjjok&export=download&confirm=t
tc-e5-trace	data/ta1-trace-2-e5-official-1.bin.5.gz		md5:312f2214721be27192a56b4d3c671ee8	https://drive.usercontent.google.com/download?id=1PHknODteOX-fpZEUe5AdufwXblp1EjYm&export=download&confirm=t
tc-e5-trace	data/ta1-trace-2-e5-official-1.bin.50.gz		md5:89a82c15208a52915f6daf32990011c7	https://drive.usercontent.google.com/download?id=15S6x0feTrruUlcw9azmO1ylgfKejduGG&export=download&confirm=t
tc-e5-trace	data/ta1-trace-2-e5-official-1.bin.51.gz		md5:f4181c6cb14402bab69f67e4bc3129e5	https://drive.usercontent.google.com/download?id=1DZTiAQSlY5ZYZ33ZfGBxM4I7V-i7DMmX&export=download&confirm=t
tc-e5-trace	data/ta1-trace-2-e5-official-1.bin.52.gz		md5:8907595d090ea5536e4f9bd0c457a997	https://drive.usercontent.google.com/download?id=10yBCki8diG1VT2m7dGm8Q6_1OU1n3H1B&export=download&confirm=t
tc-e5-trace	data/ta1-trace-2-e5-official-1.bin.53.gz		md5:cbfb0002bc1189c865097a135f506b8a	https://drive.usercontent.google.com/download?id=1rq1Mp0_Cx223Yu06PEU2wmSB8fiMJ08B&export=download&confirm=t
tc-e5-trace	data/ta1-trace-2-e5-official-1.bin.54.gz		md5:f2f11f37d6a54657c9e5d7649821841e	https://drive.usercontent.google.com/download?id=10NUIITEeFvahCswUy9DGdH5yolYY8jz_&export=download&confirm=t
tc-e5-trace	data/ta1-trace-2-e5-official-1.bin.55.gz		md5:f55c93db47718bdf9e5895d001dd245e	https://drive.usercontent.google.com/download?id=1yBNcQd217u4jcGZi9JONfb_uKT8iUnk-&export=download&confirm=t
tc-e5-trace	data/ta1-trace-2-e5-official-1.bin.56.gz		md5:514c9c81bc73c4e38a06dbcb0eeba332	https://drive.usercontent.google.com/download?id=17qC_N54XG0VShVxv3JHisehocxmLN9rU&export=download&confirm=t
tc-e5-trace	data/ta1-trace-2-e5-official-1.bin.57.gz		md5:146de6385bdcff2b0dce51e2bfbd2da7	https://drive.usercontent.google.com/download?id=1jlFkaExOfNcSLCI0sdZ_ecdVh9eyMt-s&export=download&confirm=t
tc-e5-trace	data/ta1-trace-2-e5-official-1.bin.58.gz		md5:0424897aed7d31a431228035366802c9	https://drive.usercontent.google.com/download?id=1KkLstJiIHdyoukOWBuaM_mdaT-pKHJcL&export=download&confirm=t
tc-e5-trace	data/ta1-trace-2-e5-official-1.bin.59.gz		md5:6e01ba4180ec0e5a3213763e234f0bac	https://drive.usercontent.google.com/download?id=1Qby2H3v9ALBtT4ffR9A0wWSnDvucPX5h&export=download&confirm=t
tc-e5-trace	data/ta1-trace-2-e5-official-1.bin.6.gz		md5:c45df6b9055354e8acc7153313a2e4d0	https://drive.usercontent.google.com/download?id=1BuAEyNUZgVsUmyx0xF8OM4srFkEvAN6P&export=download&confirm=t
tc-e5-trace	data/ta1-trace-2-e5-official-1.bin.60.gz		md5:5f09f0436aefa7d7735ef0ed15965e65	https://drive.usercontent.google.com/download?id=1ANgFHolMF2VTtTQQQYnDIhHmfNXsfCdV&export=download&confirm=t
tc-e5-trace	data/ta1-trace-2-e5-official-1.bin.61.gz		md5:44f94244631f632ac9473a2be2c8a683	https://drive.usercontent.google.com/download?id=1FeWbfmDV1Cg6mZuobDBxqssqIHMwdOHi&export=download&confirm=t
tc-e5-trace	data/ta1-trace-2-e5-official-1.bin.62.gz		md5:d0e4165730d52070a72d3d5b0a00deac	https://drive.usercontent.google.com/download?id=1u4pEnp_rcUXbY5_qahZYMS60ubfZXBPq&export=download&confirm=t
tc-e5-trace	data/ta1-trace-2-e5-official-1.bin.63.gz		md5:10b857858e0ca9181f5b11914a2b1b1e	https://drive.usercontent.google.com/download?id=16H7WEy8lEbPxdkWuAWflwgDTIM23Bftn&export=download&confirm=t
tc-e5-trace	data/ta1-trace-2-e5-official-1.bin.64.gz		md5:4bef85950c86c67a3ede5ef59091d516	https://drive.usercontent.google.com/download?id=1aM-4FUEKZZUbxBx6TQrclkn3dMdOfPT9&export=download&confirm=t
tc-e5-trace	data/ta1-trace-2-e5-official-1.bin.65.gz		md5:835170c5c6a7b0f6fda1c9ab3cceea9b	https://drive.usercontent.google.com/download?id=1ALbfAY9rnXKy4B5uE-_CMFVimcAT1GSM&export=download&confirm=t
tc-e5-trace	data/ta1-trace-2-e5-official-1.bin.66.gz		md5:af89d02fc5448910df654ef5ee7337a8	https://drive.usercontent.google.com/download?id=1DIQe0DgSM0WJ2eX70hlaI0Rnj9EBk13s&export=download&confirm=t
tc-e5-trace	data/ta1-trace-2-e5-official-1.bin.67.gz		md5:942be8c2ad00dcbd0bc52c2c9c0df49e	https://drive.usercontent.google.com/download?id=1nB5tTCyDszS9U9szza_c8tPJ77LMeYaT&export=download&confirm=t
tc-e5-trace	data/ta1-trace-2-e5-official-1.bin.68.gz		md5:a9c2e82161837c63e59c4aa9c11fd875	https://drive.usercontent.google.com/download?id=1BejisTcEvqNHQJyJBKZu2OxMWxp9HuPr&export=download&confirm=t
tc-e5-trace	data/ta1-trace-2-e5-official-1.bin.69.gz		md5:eaaae7df2226692be18c1532cd12e1b2	https://drive.usercontent.google.com/download?id=19jeEbBwB82pqo1734UHe50Eku6EqglVv&export=download&confirm=t
tc-e5-trace	data/ta1-trace-2-e5-official-1.bin.7.gz		md5:607f731cada7a49f7c413363eb1a0425	https://drive.usercontent.google.com/download?id=13opEfeHOZFr97rPF1BgsGOpDngTSFcAK&export=download&confirm=t
tc-e5-trace	data/ta1-trace-2-e5-official-1.bin.70.gz		md5:fb1bfabf6414a69dad46aa912a1feab0	https://drive.usercontent.google.com/download?id=1MMQRj7ckNjoGuu0i3FgvpseMm_Hsyvj-&export=download&confirm=t
tc-e5-trace	data/ta1-trace-2-e5-official-1.bin.71.gz		md5:ec5fd287dfc54986eac6705884295e9e	https://drive.usercontent.google.com/download?id=1tu_EkDTK5Yyem8Bp5p0BhVIEE5x2IGBQ&export=download&confirm=t
tc-e5-trace	data/ta1-trace-2-e5-official-1.bin.72.gz		md5:e0967f12b70744040f28db86c551b83e	https://drive.usercontent.google.com/download?id=178PF-o6Mvvp8sj5oBeaSboUN0G3uwMpi&export=download&confirm=t
tc-e5-trace	data/ta1-trace-2-e5-official-1.bin.73.gz		md5:e8e45ba9d1311e806596550e629f548d	https://drive.usercontent.google.com/download?id=1cREgaJxbyx_YHntew8hPavX8-BBNgWnK&export=download&confirm=t
tc-e5-trace	data/ta1-trace-2-e5-official-1.bin.74.gz		md5:7aae4bb3ae9a0222d9bf931b0a102653	https://drive.usercontent.google.com/download?id=1331gl01ftP0aTcokfeDB9p8OuiXXn59s&export=download&confirm=t
tc-e5-trace	data/ta1-trace-2-e5-official-1.bin.75.gz		md5:2851ab8145e7290254e23a42f4fa3622	https://drive.usercontent.google.com/download?id=1BbbYbDRPAetlPRY8ihZPfN2WXr1ewnaq&export=download&confirm=t
tc-e5-trace	data/ta1-trace-2-e5-official-1.bin.76.gz		md5:f9fa333aae132a52720b514c49702345	https://drive.usercontent.google.com/download?id=1KNx4N9yknU7sqzR3HHJRJrmibVxDJWUu&export=download&confirm=t
tc-e5-trace	data/ta1-trace-2-e5-official-1.bin.77.gz		md5:cdfff7450480f3f5b3d49da25be287ae	https://drive.usercontent.google.com/download?id=1vpf31eC_pl-LeZTYRlsgPA6gqxX-RbDw&export=download&confirm=t
tc-e5-trace	data/ta1-trace-2-e5-official-1.bin.78.gz		md5:237a39637306afc8fd890b26f0f7bc23	https://drive.usercontent.google.com/download?id=1OPY7z5M8cFcH4oKbRPfU1VsM0cq3wJ73&export=download&confirm=t
tc-e5-trace	data/ta1-trace-2-e5-official-1.bin.79.gz		md5:9c8efd676a84c80127ba6ac1737b3865	https://drive.usercontent.google.com/download?id=1jlzsALTn0qCFKDNdizxjDKnDXwdsWmuN&export=download&confirm=t
tc-e5-trace	data/ta1-trace-2-e5-official-1.bin.8.gz		md5:0a3c3fd52581f0788e1423257a9b5290	https://drive.usercontent.google.com/download?id=1SzxIZGTVptyU61_oG5tjKMEB2ANO2Yu1&export=download&confirm=t
tc-e5-trace	data/ta1-trace-2-e5-official-1.bin.80.gz		md5:5f03713cdf7645b9f3a6f557dca730ad	https://drive.usercontent.google.com/download?id=1fAwrkyAqy-wp1XsOHDusj8Qct3bOI7hg&export=download&confirm=t
tc-e5-trace	data/ta1-trace-2-e5-official-1.bin.81.gz		md5:34d78097f885427d6061b84ac0755ab1	https://drive.usercontent.google.com/download?id=1caTQuWpYT2iBW6qEdPiKOtxtTt6S0UrH&export=download&confirm=t
tc-e5-trace	data/ta1-trace-2-e5-official-1.bin.82.gz		md5:d296268649d68c90c8100c166ff01856	https://drive.usercontent.google.com/download?id=1Xn2Unrx_9m1rr4TIW5lzn0-nLWq_WBo6&export=download&confirm=t
tc-e5-trace	data/ta1-trace-2-e5-official-1.bin.83.gz		md5:347d7e4a3935320e8a22af09e0f8d107	https://drive.usercontent.google.com/download?id=1pGfLzcTqSzZvRrBt-dVoiNf_IT3ycSav&export=download&confirm=t
tc-e5-trace	data/ta1-trace-2-e5-official-1.bin.84.gz		md5:aaa8f444f7619eae3e7d1498fbaeb010	https://drive.usercontent.google.com/download?id=1IpLaHwbUPM_S1Uzyxv0h3h3v8Uhy70N-&export=download&confirm=t
tc-e5-trace	data/ta1-trace-2-e5-official-1.bin.85.gz		md5:6739717bf58347f6d6b5b54d87b1a266	https://drive.usercontent.google.com/download?id=1fGPnlWvhpnObKWV0R01QEerl-sSMUnev&export=download&confirm=t
tc-e5-trace	data/ta1-trace-2-e5-official-1.bin.86.gz		md5:fe7cf2ef0c6747513c4d64507f4251bd	https://drive.usercontent.google.com/download?id=1n6vSRTMG-J54xcFYLibalOJm9WUeWymh&export=download&confirm=t
tc-e5-trace	data/ta1-trace-2-e5-official-1.bin.87.gz		md5:a29653304999234d05e060286b0f8590	https://drive.usercontent.google.com/download?id=1MWCtG7fr91UpvD8bYnX4KMQ3reKxGFeK&export=download&confirm=t
tc-e5-trace	data/ta1-trace-2-e5-official-1.bin.88.gz		md5:72c78a6096a3ad99daa9578dc0923f84	https://drive.usercontent.google.com/download?id=1y_f14LWhveqoIZeAdHWfUsKm1xDmH7N1&export=download&confirm=t
tc-e5-trace	data/ta1-trace-2-e5-official-1.bin.89.gz		md5:3f778757b124d73fa362e9b5ceea831f	https://drive.usercontent.google.com/download?id=1VDscGVWBb-9KVT2k4eKuiyyksWKid8UN&export=download&confirm=t
tc-e5-trace	data/ta1-trace-2-e5-official-1.bin.9.gz		md5:560bea06468e1d6c242eb183a3180bf8	https://drive.usercontent.google.com/download?id=1FBdmrEW60YmPQ1hPeWia401bW-v7qHzD&export=download&confirm=t
tc-e5-trace	data/ta1-trace-2-e5-official-1.bin.90.gz		md5:299d5ea4f03f571b521e51c415df2474	https://drive.usercontent.google.com/download?id=1B44gvyL0uIK2CH9T4zcrNPwDJFcB_O0o&export=download&confirm=t
tc-e5-trace	data/ta1-trace-2-e5-official-1.bin.91.gz		md5:1b5ce04ec951800ce402a98d364e1c1b	https://drive.usercontent.google.com/download?id=1uHYMPrbqzzoh1lDizEb8yY-1Blgf9Ic4&export=download&confirm=t
tc-e5-trace	data/ta1-trace-2-e5-official-1.bin.92.gz		md5:8aa426861c829094a2045d5e68d9ee46	https://drive.usercontent.google.com/download?id=1gvPsirA-a7PbttG1h1d3KaPBYTTD8SH1&export=download&confirm=t
tc-e5-trace	data/ta1-trace-2-e5-official-1.bin.93.gz		md5:9e8a8722a146e26d00306372895d53a7	https://drive.usercontent.google.com/download?id=19EtQn7u198Wc-mc55NfOnNSCHLDXL759&export=download&confirm=t
tc-e5-trace	data/ta1-trace-2-e5-official-1.bin.94.gz		md5:98b0094d04d77494b26b107c2154e6c9	https://drive.usercontent.google.com/download?id=1uaSqI-ym26nzdHmKcLLdzLUQMMlht6uH&export=download&confirm=t
tc-e5-trace	data/ta1-trace-2-e5-official-1.bin.95.gz		md5:cc1ab02cdeee2ea5caa00cf4407ce50e	https://drive.usercontent.google.com/download?id=1LTJSB0KnbOKv7izRvG-YdQms-whH15-a&export=download&confirm=t
tc-e5-trace	data/ta1-trace-2-e5-official-1.bin.96.gz		md5:0bb7a8f117ed97e86b4ebe7f00047530	https://drive.usercontent.google.com/download?id=16TBsq99UJW8WgAjKGBF4_fgV9AMVU5ws&export=download&confirm=t
tc-e5-trace	data/ta1-trace-2-e5-official-1.bin.97.gz		md5:747d6d875391e9aed4750d650550ff06	https://drive.usercontent.google.com/download?id=1JzXjQbu6WWllWB63nxLM7yoLjVibfWXV&export=download&confirm=t
tc-e5-trace	data/ta1-trace-2-e5-official-1.bin.98.gz		md5:2d4fd0393d4c0aad02df6141a60aa4f9	https://drive.usercontent.google.com/download?id=17VGBfW5HZqgP6VsLqgR0xPPaomymcWxU&export=download&confirm=t
tc-e5-trace	data/ta1-trace-2-e5-official-1.bin.99.gz		md5:00e27d24fc0a87ab9b672dacc0ba1c11	https://drive.usercontent.google.com/download?id=1rCBGr6nZtlZFgXh_F9oZxfdtzi_8-ol_&export=download&confirm=t
tc-e5-trace	data/ta1-trace-2-e5-official-1.bin.gz		md5:406e752199d69098bf6ec417c30f463b	https://drive.usercontent.google.com/download?id=1XI5VgtWfqUE44Yp3s1ELYwpj8UH-T9Oq&export=download&confirm=t
tc-e5-trace	data/ta1-trace-3-e5-official-1.bin.1.gz		md5:f624ec56334a1dbf6f34f345e29195be	https://drive.usercontent.google.com/download?id=1NF_UJg7mCzRKMzF7k8Vbe7dB7RiQBB_8&export=download&confirm=t
tc-e5-trace	data/ta1-trace-3-e5-official-1.bin.10.gz		md5:ad96aa78714539b0d895b23212f5ee5f	https://drive.usercontent.google.com/download?id=1k3dodSPtvmtkVwCQ3z_N2JYyA7X_jyd2&export=download&confirm=t
tc-e5-trace	data/ta1-trace-3-e5-official-1.bin.100.gz		md5:3fb9d9a80e67bb14c281cda75c557582	https://drive.usercontent.google.com/download?id=1gBUtt6FEBLKUHaczlFmIZ5OPcyY64xBZ&export=download&confirm=t
tc-e5-trace	data/ta1-trace-3-e5-official-1.bin.101.gz		md5:8714430d53208144d79606711efa97a1	https://drive.usercontent.google.com/download?id=1kUbXLI9V-5jXszUEmOAI_mYfi1hxlHof&export=download&confirm=t
tc-e5-trace	data/ta1-trace-3-e5-official-1.bin.102.gz		md5:7801bd9f188bee9a44ec4328a388049a	https://drive.usercontent.google.com/download?id=1Mk7w1b-_pplsnxYB9XvwkGCYF92UITBl&export=download&confirm=t
tc-e5-trace	data/ta1-trace-3-e5-official-1.bin.103.gz		md5:9d9b48c2ef3b16ec3459becbba172e7c	https://drive.usercontent.google.com/download?id=1ugiwEUVS-1okWoVNH9CV5i9ZT3VaX8CC&export=download&confirm=t
tc-e5-trace	data/ta1-trace-3-e5-official-1.bin.104.gz		md5:df16ebdd4cece282bd8ee2ab34380de6	https://drive.usercontent.google.com/download?id=1v4ZOhmaQOvvjFfjhVCtwDpOZS2M7XIxG&export=download&confirm=t
tc-e5-trace	data/ta1-trace-3-e5-official-1.bin.105.gz		md5:f82f1751e6d82379a6d3deeb591c86f3	https://drive.usercontent.google.com/download?id=18PeRXiXWK-9VWbHYVihBAe1MEYrZiCpW&export=download&confirm=t
tc-e5-trace	data/ta1-trace-3-e5-official-1.bin.106.gz		md5:339c924ab3f01475cbf0617d07687791	https://drive.usercontent.google.com/download?id=1zUhow4BPx-6R6hCfQetpFKSi7Omk_Jnn&export=download&confirm=t
tc-e5-trace	data/ta1-trace-3-e5-official-1.bin.107.gz		md5:e9c1ef564a7004c332920b4d801a5d47	https://drive.usercontent.google.com/download?id=1COWA71_iYvF359edGTtEB4osgU85xHse&export=download&confirm=t
tc-e5-trace	data/ta1-trace-3-e5-official-1.bin.108.gz		md5:cc1a043581eea38988c00d407a869eee	https://drive.usercontent.google.com/download?id=1EShWpYTyBgV3qqQdigcC9BJkr8e5em1g&export=download&confirm=t
tc-e5-trace	data/ta1-trace-3-e5-official-1.bin.109.gz		md5:e47118df1aeae5efd557aa0272720a9e	https://drive.usercontent.google.com/download?id=11Z9V9L79Gsg3S2PbjJqw6WdDvj_ufWG7&export=download&confirm=t
tc-e5-trace	data/ta1-trace-3-e5-official-1.bin.11.gz		md5:156175f294073767b484afaabaf3505b	https://drive.usercontent.google.com/download?id=1HykU_Xac5HepkGcZxJgxBatLhV-E_glZ&export=download&confirm=t
tc-e5-trace	data/ta1-trace-3-e5-official-1.bin.110.gz		md5:bcdd6cafb94788309dd83c0daa045ae2	https://drive.usercontent.google.com/download?id=116t0KtoN29bILY1dNSla38Gl18A53K7Z&export=download&confirm=t
tc-e5-trace	data/ta1-trace-3-e5-official-1.bin.111.gz		md5:badd9256cf094dafdf20a929c39f037a	https://drive.usercontent.google.com/download?id=1mhRmPcS5Xn294g_GCcwmU5VCLxTHm7Xf&export=download&confirm=t
tc-e5-trace	data/ta1-trace-3-e5-official-1.bin.112.gz		md5:a27d74cbfeb3109a2132206f13881ef6	https://drive.usercontent.google.com/download?id=117ZM5O8aCHS-wDnbmS-rV9QzQZhzsSba&export=download&confirm=t
tc-e5-trace	data/ta1-trace-3-e5-official-1.bin.113.gz		md5:b3c0c1c2958dd9cb393c758e79602065	https://drive.usercontent.google.com/download?id=1hfOphCeMxO_2iPDuHbF8RreDLJp18lPk&export=download&confirm=t
tc-e5-trace	data/ta1-trace-3-e5-official-1.bin.114.gz		md5:78638f5d3b9c5d8c5b8c93d56c7b1ade	https://drive.usercontent.google.com/download?id=1d4sXQdM_fIBeFFYtJ4mdzHvwSIwLINtI&export=download&confirm=t
tc-e5-trace	data/ta1-trace-3-e5-official-1.bin.115.gz		md5:73e7beaf0e9c0dde31128e46d6728312	https://drive.usercontent.google.com/download?id=1mk6E7wrekJrLtk0rNpYll-AyN0i9woWB&export=download&confirm=t
tc-e5-trace	data/ta1-trace-3-e5-official-1.bin.116.gz		md5:50a58d98d6408fed9b278cbf70ee6528	https://drive.usercontent.google.com/download?id=1zdOLRNDnRLYpTcL4c8CC7sMUgTxABHQT&export=download&confirm=t
tc-e5-trace	data/ta1-trace-3-e5-official-1.bin.117.gz		md5:dad5e76a20cd68fcba700d91cab953fe	https://drive.usercontent.google.com/download?id=1LyoACXeVjrrLCKlYWkPh-w4zw07-o7hH&export=download&confirm=t
tc-e5-trace	data/ta1-trace-3-e5-official-1.bin.118.gz		md5:d3ad57a261e10dda27ab46f8efeba93c	https://drive.usercontent.google.com/download?id=1omq1K194ItxFdCgt67Gh792fR3u7vIgL&export=download&confirm=t
tc-e5-trace	data/ta1-trace-3-e5-official-1.bin.119.gz		md5:15bf3ac973cdab6e9f89c2502e58a92d	https://drive.usercontent.google.com/download?id=1ToWa7RMhMhRsmkjSyYQ7ZVbNFfRqop2J&export=download&confirm=t
tc-e5-trace	data/ta1-trace-3-e5-official-1.bin.12.gz		md5:ef6292b3eeee2ec2a82f8526a9eca087	https://drive.usercontent.google.com/download?id=1C9l5BJEeUQbQ6DSBF911PqfJz0xx5CnJ&export=download&confirm=t
tc-e5-trace	data/ta1-trace-3-e5-official-1.bin.120.gz		md5:e80b25c51c051970c7c71016029d2065	https://drive.usercontent.google.com/download?id=1zP0yOKs_leKr4VyJMQH8jyhqBVlqDqoC&export=download&confirm=t
tc-e5-trace	data/ta1-trace-3-e5-official-1.bin.121.gz		md5:89dce559f70d93b6b00968beb4f48222	https://drive.usercontent.google.com/download?id=1vuprjywWyadgdjpQi15kQWEkWKnKa41K&export=download&confirm=t
tc-e5-trace	data/ta1-trace-3-e5-official-1.bin.122.gz		md5:e26c68cd3c33524e91240ba1aacaafd0	https://drive.usercontent.google.com/download?id=1w-5J_T3XOyMkjjw3h6ZacbUa5wCJEVWu&export=download&confirm=t
tc-e5-trace	data/ta1-trace-3-e5-official-1.bin.123.gz		md5:374a85adbb036c68a1c079ff1519a17d	https://drive.usercontent.google.com/download?id=1Vy-GZdvDfTkz4RYP2iu5tZBWyFHcrDex&export=download&confirm=t
tc-e5-trace	data/ta1-trace-3-e5-official-1.bin.124.gz		md5:94d48f72547258f67f5b72efd3627c92	https://drive.usercontent.google.com/download?id=1YMyy5EG5tEZDj6_PJ9xkTghJbJqQaw_e&export=download&confirm=t
tc-e5-trace	data/ta1-trace-3-e5-official-1.bin.125.gz		md5:107c5a194207e592e18d3a140643cb84	https://drive.usercontent.google.com/download?id=1BZ5slVPW8LeBf-XBW6e_kjNjU8n5uYh4&export=download&confirm=t
tc-e5-trace	data/ta1-trace-3-e5-official-1.bin.126.gz		md5:6c8fd241fdc2207c57d5aceeb25e54c7	https://drive.usercontent.google.com/download?id=1_usgu0SHEQ-Gs-bkL2AQHnyHv-5I7nfj&export=download&confirm=t
tc-e5-trace	data/ta1-trace-3-e5-official-1.bin.127.gz		md5:42c504b1fa58cbfb4a8b36f4193878c1	https://drive.usercontent.google.com/download?id=1gcCFgYP4to53DgbgTpN1Ln59lTL34E-m&export=download&confirm=t
tc-e5-trace	data/ta1-trace-3-e5-official-1.bin.128.gz		md5:14e331cdccefd47f43058e91f8c067c2	https://drive.usercontent.google.com/download?id=1rvXGrwPePZm84fya0zd-9_OYQXy42rLn&export=download&confirm=t
tc-e5-trace	data/ta1-trace-3-e5-official-1.bin.129.gz		md5:8a423b13e79c0a271bc98dfeb478362c	https://drive.usercontent.google.com/download?id=1-MR6ip7rNwQkGnMTPhEbpBp6GgRN5c0m&export=download&confirm=t
tc-e5-trace	data/ta1-trace-3-e5-official-1.bin.13.gz		md5:65dba962f9fd24a7f8649271c29cda4d	https://drive.usercontent.google.com/download?id=1C36nJES4RR-qFa-Offt3I0BKkP2f6e8y&export=download&confirm=t
tc-e5-trace	data/ta1-trace-3-e5-official-1.bin.130.gz		md5:e52547f1734fcb95b3bd1aebc34efdf0	https://drive.usercontent.google.com/download?id=1WuNfhJTFpa7rm5qtb14vpkjlM0k8Zq8C&export=download&confirm=t
tc-e5-trace	data/ta1-trace-3-e5-official-1.bin.131.gz		md5:49ac7f3f47fddb5d45f1064d9701efb1	https://drive.usercontent.google.com/download?id=1qfJBYkaDFD3V8K0wlZiiWqwZ7ixY1Rq7&export=download&confirm=t
tc-e5-trace	data/ta1-trace-3-e5-official-1.bin.132.gz		md5:49c3a85101dc106e25b26c7e10b8a225	https://drive.usercontent.google.com/download?id=1ZlEykhrpDQLKb2F_8bxShiXiylDottch&export=download&confirm=t
tc-e5-trace	data/ta1-trace-3-e5-official-1.bin.133.gz		md5:395a18331cd9ff794a155a154f562a90	https://drive.usercontent.google.com/download?id=1zlzNdAId9u4v_iUwG7aYwBxetkkOoaZO&export=download&confirm=t
tc-e5-trace	data/ta1-trace-3-e5-official-1.bin.134.gz		md5:6e92520bee55a2c093bd3a7836b5edd5	https://drive.usercontent.google.com/download?id=1zboD-2tFs0xzfqxyKC47t5WnwQK5JGDA&export=download&confirm=t
tc-e5-trace	data/ta1-trace-3-e5-official-1.bin.135.gz		md5:a920e0284cb48b04a8141697590c4fde	https://drive.usercontent.google.com/download?id=1M7G08bkLadI5ECXwgOKxsqmYdubRRep8&export=download&confirm=t
tc-e5-trace	data/ta1-trace-3-e5-official-1.bin.136.gz		md5:f1f1c2a136b1985287fb7ea0732831b4	https://drive.usercontent.google.com/download?id=1G9HJog62C06X3yMBxJamdyArOtAps52n&export=download&confirm=t
tc-e5-trace	data/ta1-trace-3-e5-official-1.bin.137.gz		md5:e5d1b22739691cdcf4421c84ed82c3bb	https://drive.usercontent.google.com/download?id=1pn1EmeDxDkaaodSpGqYXCKCEcH6bogFw&export=download&confirm=t
tc-e5-trace	data/ta1-trace-3-e5-official-1.bin.138.gz		md5:cb5a81c6576e531850a13fd86bd09c66	https://drive.usercontent.google.com/download?id=1CRwQF1gYIAQN11_XXj8anurU6pxgFXeq&export=download&confirm=t
tc-e5-trace	data/ta1-trace-3-e5-official-1.bin.139.gz		md5:c1d5616112b5c277daa5bdf37f8cbbd0	https://drive.usercontent.google.com/download?id=1mQwAiJ-Ef0enlM7QZ74HEo42acexg2rt&export=download&confirm=t
tc-e5-trace	data/ta1-trace-3-e5-official-1.bin.14.gz		md5:ad44814f3fb19406ceccf5a1eb4540a7	https://drive.usercontent.google.com/download?id=12ilomLXcE4J0yUSFzzNOZaUn5gNfASD0&export=download&confirm=t
tc-e5-trace	data/ta1-trace-3-e5-official-1.bin.140.gz		md5:b63d98a146ecfbaff305883ae65ed5bb	https://drive.usercontent.google.com/download?id=1QMUT46CYsUkELcWdf-yY9lwV-7Cv5m_M&export=download&confirm=t
tc-e5-trace	data/ta1-trace-3-e5-official-1.bin.141.gz		md5:78d5b3667e8badb80a0018b4f935ff29	https://drive.usercontent.google.com/download?id=1-RQUF5OE05UINuZImqLs72UIzxwsB16Y&export=download&confirm=t
tc-e5-trace	data/ta1-trace-3-e5-official-1.bin.142.gz		md5:383bfbe59ef6b31271ddb48f01468512	https://drive.usercontent.google.com/download?id=1bIYdLUF1SYhwLD2OQC8TUib-_54sVw83&export=download&confirm=t
tc-e5-trace	data/ta1-trace-3-e5-official-1.bin.143.gz		md5:32b9c8b80cb06507baefc34fb4185701	https://drive.usercontent.google.com/download?id=1ToUvOkHVlowR-S9h5bcxZqX72-WODc_r&export=download&confirm=t
tc-e5-trace	data/ta1-trace-3-e5-official-1.bin.144.gz		md5:555835f77c64dc41fe0fe14a5985c764	https://drive.usercontent.google.com/download?id=1sriWrWU_YPNpZVxq3QbigPpi2eKVriFO&export=download&confirm=t
tc-e5-trace	data/ta1-trace-3-e5-official-1.bin.145.gz		md5:9df8b16f36e474a20d23218d500afcff	https://drive.usercontent.google.com/download?id=1h5Qzbe-w6hF-vg4in-Lde0wC5Kf9Q0-x&export=download&confirm=t
tc-e5-trace	data/ta1-trace-3-e5-official-1.bin.146.gz		md5:effda769ddaf880f898bbf62ff05fb04	https://drive.usercontent.google.com/download?id=1_ej9Qe27xd-LMPmrLs2zWhMX-6ikxABf&export=download&confirm=t
tc-e5-trace	data/ta1-trace-3-e5-official-1.bin.147.gz		md5:a681004c4a117187180a303be9332221	https://drive.usercontent.google.com/download?id=1k-nFsTd8UW95ozsDMXS225jDMkmohBQV&export=download&confirm=t
tc-e5-trace	data/ta1-trace-3-e5-official-1.bin.148.gz		md5:138f5d843b4b53a54f0fc301b1985944	https://drive.usercontent.google.com/download?id=1sYaRnNuq2BMzZl3eLpJOv9lY30w4931I&export=download&confirm=t
tc-e5-trace	data/ta1-trace-3-e5-official-1.bin.149.gz		md5:e7d041fd7a0b4a7c1d6a5b9b41db76c9	https://drive.usercontent.google.com/download?id=1ut_44AnFOehT9x5yoIml4Lb87v01c-fz&export=download&confirm=t
tc-e5-trace	data/ta1-trace-3-e5-official-1.bin.15.gz		md5:17a9a0dccd7696fd6a7ca94b09412db5	https://drive.usercontent.google.com/download?id=1yoTD5m_S6PX_VwtlD44o-njsGaQF4F2F&export=download&confirm=t
tc-e5-trace	data/ta1-trace-3-e5-official-1.bin.150.gz		md5:77ba08fe7d256e54b86448eb23682f3e	https://drive.usercontent.google.com/download?id=1kE0aEuOXIvF7IZOdBSXpM-IbBfNbLQ46&export=download&confirm=t
tc-e5-trace	data/ta1-trace-3-e5-official-1.bin.151.gz		md5:ae3709ab431a75f760030c9e83a0bd09	https://drive.usercontent.google.com/download?id=1H9xd_wexusTghoaAeSnue3sh9iVIQlQY&export=download&confirm=t
tc-e5-trace	data/ta1-trace-3-e5-official-1.bin.152.gz		md5:3b54d05dd1d5dd9037e343f1984ead9f	https://drive.usercontent.google.com/download?id=1Rsh2H3OpP6af6L6TgOM0G-AMJ29akqom&export=download&confirm=t
tc-e5-trace	data/ta1-trace-3-e5-official-1.bin.153.gz		md5:ad3a51a8dfb45b01754f80201cc0ea75	https://drive.usercontent.google.com/download?id=1ojUZ05quf45KmoWK3J5DLISr3pdnvyZS&export=download&confirm=t
tc-e5-trace	data/ta1-trace-3-e5-official-1.bin.154.gz		md5:440873efb7a950fc8d84a8a389eb9c6c	https://drive.usercontent.google.com/download?id=1J_CawrDN1ZBm9h9mE9oPZY-Ry6q3H6Uk&export=download&confirm=t
tc-e5-trace	data/ta1-trace-3-e5-official-1.bin.155.gz		md5:2868556d716eab28d90918665316e696	https://drive.usercontent.google.com/download?id=1ScxJLB_WbyeCVV9nncRkro6qXEA-v_Yp&export=download&confirm=t
tc-e5-trace	data/ta1-trace-3-e5-official-1.bin.156.gz		md5:3c7b70002ad01b38ab8d85ecbc3e99db	https://drive.usercontent.google.com/download?id=1GcARrvp_Mxjbt_8YDR7trlylBKEJ0e-w&export=download&confirm=t
tc-e5-trace	data/ta1-trace-3-e5-official-1.bin.157.gz		md5:fc94cbc35031f51ea888cbf2fd66f615	https://drive.usercontent.google.com/download?id=1EE6RSanN5DgzPWy5H2xMrpMIoG3dQ0m2&export=download&confirm=t
tc-e5-trace	data/ta1-trace-3-e5-official-1.bin.158.gz		md5:96e432f642a943b463591e55985668ac	https://drive.usercontent.google.com/download?id=1mcXxdZj93NXPyp1oGe9d8fBV3iw11Y7K&export=download&confirm=t
tc-e5-trace	data/ta1-trace-3-e5-official-1.bin.159.gz		md5:e4d2427d5971a406b6cc01a549fd7bf9	https://drive.usercontent.google.com/download?id=1yBOjIkEdfSSIq-29_8TIRo8t6ryxP7cY&export=download&confirm=t
tc-e5-trace	data/ta1-trace-3-e5-official-1.bin.16.gz		md5:8c180b47ad13eeb33525af73547d4ac0	https://drive.usercontent.google.com/download?id=1t09BZ9r_Ky7gMLdKdIyKNoWyaqKyFUt8&export=download&confirm=t
tc-e5-trace	data/ta1-trace-3-e5-official-1.bin.160.gz		md5:c2ae55df799c42c45d34394b06762680	https://drive.usercontent.google.com/download?id=1R7H1hCHrA9FQoOi0bec81rfOf7q1S8AC&export=download&confirm=t
tc-e5-trace	data/ta1-trace-3-e5-official-1.bin.161.gz		md5:0383c0d80dee75b9f21b5e55e6e7c47a	https://drive.usercontent.google.com/download?id=1oyhoyKejZ4xnmxLJIxDPq2NPi82N-7R9&export=download&confirm=t
tc-e5-trace	data/ta1-trace-3-e5-official-1.bin.162.gz		md5:e55ec6113776f7606a5ba7dc0b0b1f9d	https://drive.usercontent.google.com/download?id=1K-LtSVtrUk-KwYYTk5iv2G4tQr5PcjLO&export=download&confirm=t
tc-e5-trace	data/ta1-trace-3-e5-official-1.bin.163.gz		md5:906e57f73582367865b9a5c765950bb5	https://drive.usercontent.google.com/download?id=17hEIUB-qVMqb4HZ-8GAiKN3JZermwNNP&export=download&confirm=t
tc-e5-trace	data/ta1-trace-3-e5-official-1.bin.164.gz		md5:d5da74f8a10f77fc5dfd05fa3d096166	https://drive.usercontent.google.com/download?id=12UlDSYpKoMBlLZAlpBSYO-7nYPdU0YUA&export=download&confirm=t
tc-e5-trace	data/ta1-trace-3-e5-official-1.bin.165.gz		md5:57a3c193e68c60a12bb201458b74bc1b	https://drive.usercontent.google.com/download?id=1gPqHj4k1vk6YWZubpPYrag9JgNAqlYcU&export=download&confirm=t
tc-e5-trace	data/ta1-trace-3-e5-official-1.bin.166.gz		md5:dd8807d1a8ca45189081c58e90d9f3cb	https://drive.usercontent.google.com/download?id=13Xb7WGj__VPd8RbQg9Ir8Eix3_nidTzw&export=download&confirm=t
tc-e5-trace	data/ta1-trace-3-e5-official-1.bin.167.gz		md5:0f18684b3592e772281873de16a69368	https://drive.usercontent.google.com/download?id=1nvboFvLLKscuuFG89t84F75k24UfsWCv&export=download&confirm=t
tc-e5-trace	data/ta1-trace-3-e5-official-1.bin.168.gz		md5:80acfc0021ee062884fa6d3d3ccf0436	https://drive.usercontent.google.com/download?id=11GN8sYPHGDyDjZLtCpezje4p8W7vsRlm&export=download&confirm=t
tc-e5-trace	data/ta1-trace-3-e5-official-1.bin.169.gz		md5:967f37ccbb558d8052c50645e28eb57d	https://drive.usercontent.google.com/download?id=1aQrFpuXmnVdxThwyrQKU_dVMhvYA2cuS&export=download&confirm=t
tc-e5-trace	data/ta1-trace-3-e5-official-1.bin.17.gz		md5:8574b638f0f470a92ae75a74864eb73d	https://drive.usercontent.google.com/download?id=1LVFjHq8UhMEMPjIitHC5iYZI1HRVrTYV&export=download&confirm=t
tc-e5-trace	data/ta1-trace-3-e5-official-1.bin.170.gz		md5:c6a05a65e8161987f334092fadd4bb91	https://drive.usercontent.google.com/download?id=1jxh0D5w_bR5A-E8MQD72m6ikAcr1SBP_&export=download&confirm=t
tc-e5-trace	data/ta1-trace-3-e5-official-1.bin.171.gz		md5:db0b3d6f0f0d19d40bdd3c74a4967ffe	https://drive.usercontent.google.com/download?id=1HcoQA6AvgzkcXzjTQ54EvQ0CdPOn_byh&export=download&confirm=t
tc-e5-trace	data/ta1-trace-3-e5-official-1.bin.172.gz		md5:dcf47ec8bed7ec6cc95b95cd3360a249	https://drive.usercontent.google.com/download?id=17Z4XQHgO_qq1vrPZeenI6Ouesw0Csp9g&export=download&confirm=t
tc-e5-trace	data/ta1-trace-3-e5-official-1.bin.173.gz		md5:bbc43178a961d36680d27bb1b0253ce4	https://drive.usercontent.google.com/download?id=1DWyMRohsrxABvk7pcXjtRsUi5nUD7B3O&export=download&confirm=t
tc-e5-trace	data/ta1-trace-3-e5-official-1.bin.174.gz		md5:335351cddbb204efffd79fb5d3e80745	https://drive.usercontent.google.com/download?id=1kP05BQUn1lWiWTWv3MY2F6AduOJ8xtCG&export=download&confirm=t
tc-e5-trace	data/ta1-trace-3-e5-official-1.bin.175.gz		md5:52459d93555664ef5837f2b5e269ed6d	https://drive.usercontent.google.com/download?id=1LvXDyJIsam3F0A4FNPzxvXnXHPf00bE1&export=download&confirm=t
tc-e5-trace	data/ta1-trace-3-e5-official-1.bin.176.gz		md5:796ec8821270b652ed50e9caeecd4fff	https://drive.usercontent.google.com/download?id=185MBWo5PViznCGRGcMNKGeA-7CWFe7vX&export=download&confirm=t
tc-e5-trace	data/ta1-trace-3-e5-official-1.bin.177.gz		md5:4146b6c248cf4d8a0589d08e3d38b9cd	https://drive.usercontent.google.com/download?id=1kFu7W6TQKMDglXKc4IS7T3a9ecQtRXit&export=download&confirm=t
tc-e5-trace	data/ta1-trace-3-e5-official-1.bin.178.gz		md5:34c723a58ca52231019400661c0cdc62	https://drive.usercontent.google.com/download?id=1hSHDrc4SzcPrxCDUDd1xhZYH8Es7p3LS&export=download&confirm=t
tc-e5-trace	data/ta1-trace-3-e5-official-1.bin.18.gz		md5:2020d5e221e880dead9c1b305ca4d9c7	https://drive.usercontent.google.com/download?id=1RN9aqkWOmGavXZL2OLhF0cZ2RDl_ihcm&export=download&confirm=t
tc-e5-trace	data/ta1-trace-3-e5-official-1.bin.19.gz		md5:6d5982d5308c47c78d10adfcef743042	https://drive.usercontent.google.com/download?id=1SUmMaY3JRT8gcBGSKn6yY4wKJS9K0Twx&export=download&confirm=t
tc-e5-trace	data/ta1-trace-3-e5-official-1.bin.2.gz		md5:4e4bba14906f6d3c071abcf20f0d5472	https://drive.usercontent.google.com/download?id=15bV9qwUJmj6D6-24Y-C1rKYYP4zo9Oum&export=download&confirm=t
tc-e5-trace	data/ta1-trace-3-e5-official-1.bin.20.gz		md5:ed16844cbd6e36b5619a3e1f28a5551a	https://drive.usercontent.google.com/download?id=1KOzLy9v_wAycqnCd7zxDLUSjYNN_5CHU&export=download&confirm=t
tc-e5-trace	data/ta1-trace-3-e5-official-1.bin.21.gz		md5:9af42545b896f14518444b598d8ae0a5	https://drive.usercontent.google.com/download?id=1yeJKyQ2yvVmHGoteddYkAr3hIyzFHJci&export=download&confirm=t
tc-e5-trace	data/ta1-trace-3-e5-official-1.bin.22.gz		md5:f2c2d5cbf4cbfac998c34a421f23fa40	https://drive.usercontent.google.com/download?id=16MZJ2vewJDf23xRlChrHFODh7dNtEQnd&export=download&confirm=t
tc-e5-trace	data/ta1-trace-3-e5-official-1.bin.23.gz		md5:60c0782f34d1dca7c0d8332adc8a0e02	https://drive.usercontent.google.com/download?id=1lmhl_0OUgzro3afp_KhfPXHMkrA2gFXX&export=download&confirm=t
tc-e5-trace	data/ta1-trace-3-e5-official-1.bin.24.gz		md5:ee03b9a727e66a7a2a6687ff591d5435	https://drive.usercontent.google.com/download?id=12wsHd4UXO2tABwXVuD3QfrzMNvNRJygJ&export=download&confirm=t
tc-e5-trace	data/ta1-trace-3-e5-official-1.bin.25.gz		md5:5a412370acd36ade02ee3c1343066c26	https://drive.usercontent.google.com/download?id=1cQLnAKes60ZmbVncxOqZ0sjVBzKCxvbi&export=download&confirm=t
tc-e5-trace	data/ta1-trace-3-e5-official-1.bin.26.gz		md5:729efa61f3cdda4f5661be017c7bacd5	https://drive.usercontent.google.com/download?id=1fqSMRgev-1CMB6PKSdHxTqETVTqVe-OX&export=download&confirm=t
tc-e5-trace	data/ta1-trace-3-e5-official-1.bin.27.gz		md5:7e70217402444a81dcf564cfd7226483	https://drive.usercontent.google.com/download?id=1-_tg2sKbb6_izLpG-dHOoke1KGXGyky1&export=download&confirm=t
tc-e5-trace	data/ta1-trace-3-e5-official-1.bin.28.gz		md5:b79657385fecf326f859a782e5f698cc	https://drive.usercontent.google.com/download?id=1_m5NwpImirQMliw0J__Xr0e6B87OQKHJ&export=download&confirm=t
tc-e5-trace	data/ta1-trace-3-e5-official-1.bin.29.gz		md5:1fa1a7428dcd288c91de5e04646890ad	https://drive.usercontent.google.com/download?id=1LGRiUz-ApFUx12zu3gcx8yKHfnK7QJnu&export=download&confirm=t
tc-e5-trace	data/ta1-trace-3-e5-official-1.bin.3.gz		md5:f5f23c6bd3ae8833e1695f2825fb6e1c	https://drive.usercontent.google.com/download?id=1GT64_xGGMv0lJ4jWicLuws0quNK19A2X&export=download&confirm=t
tc-e5-trace	data/ta1-trace-3-e5-official-1.bin.30.gz		md5:59f336f8cb5e2950769dc10d0bd955f4	https://drive.usercontent.google.com/download?id=12gF55Z3J4tIX4cpeFq01iFdBMM7UdeOq&export=download&confirm=t
tc-e5-trace	data/ta1-trace-3-e5-official-1.bin.31.gz		md5:56666d9510132086701d09d02485911a	https://drive.usercontent.google.com/download?id=1fBQkHqCVkDl1vcCBKWWs_vfSJY2OGbsW&export=download&confirm=t
tc-e5-trace	data/ta1-trace-3-e5-official-1.bin.32.gz		md5:8e063b4d1af3e8076739e67b008843b1	https://drive.usercontent.google.com/download?id=1kY-OlraqsMQ50_bKUJkH6ltK2aH3zvgs&export=download&confirm=t
tc-e5-trace	data/ta1-trace-3-e5-official-1.bin.33.gz		md5:e5bc2cfbefb4d6fd4801ddc6bf30db33	https://drive.usercontent.google.com/download?id=1C3JzvfIdZfI3RiNrgK2G3DWkx315a4ff&export=download&confirm=t
tc-e5-trace	data/ta1-trace-3-e5-official-1.bin.34.gz		md5:f541ba31b8fea00443b747cc0539bda4	https://drive.usercontent.google.com/download?id=1UOGg-Nh6zW_qtTUbI52JpZQrt4QUFayQ&export=download&confirm=t
tc-e5-trace	data/ta1-trace-3-e5-official-1.bin.35.gz		md5:56ee9e45e31cf3e588a4b2f5a65e65a6	https://drive.usercontent.google.com/download?id=1vjQ7Bb9z_a4fMnXI6u8GNzFADOgbA9fx&export=download&confirm=t
tc-e5-trace	data/ta1-trace-3-e5-official-1.bin.36.gz		md5:834056fe4504292b312344be3be6368e	https://drive.usercontent.google.com/download?id=1q9WooooqaRGF1FCIa4OzLXRAFc_Z9x0f&export=download&confirm=t
tc-e5-trace	data/ta1-trace-3-e5-official-1.bin.37.gz		md5:b38dba03891d406b196acb386e4fe089	https://drive.usercontent.google.com/download?id=11ipLB1EhUdvRCaNgWWn4W6TRquVRjM4M&export=download&confirm=t
tc-e5-trace	data/ta1-trace-3-e5-official-1.bin.38.gz		md5:796a80a94238000f20678978c9ec6f58	https://drive.usercontent.google.com/download?id=11E8go72u5n2kmtInijHOdYu1i08AM2CJ&export=download&confirm=t
tc-e5-trace	data/ta1-trace-3-e5-official-1.bin.39.gz		md5:e4f5bdd6324cdcd4380be1332086ed2b	https://drive.usercontent.google.com/download?id=1-aNfpMnwluh8xwFDt9XJ3Ul5JXxvs1Fh&export=download&confirm=t
tc-e5-trace	data/ta1-trace-3-e5-official-1.bin.4.gz		md5:69638562654af1830208273e89c601d9	https://drive.usercontent.google.com/download?id=1r6Nb-D08dYO20j_z6YrVm12lHeuHYj7b&export=download&confirm=t
tc-e5-trace	data/ta1-trace-3-e5-official-1.bin.40.gz		md5:def4aa8abd285e3ac842adf02aac0c0e	https://drive.usercontent.google.com/download?id=1YDk0nTLyyIeP1s7f9vX_ljnozNYyTqxb&export=download&confirm=t
tc-e5-trace	data/ta1-trace-3-e5-official-1.bin.41.gz		md5:0464b2926f8b4c8db7511f17cc0ee72d	https://drive.usercontent.google.com/download?id=1B8XwlAD7lqtK1VSd-i3qnIzICU_b0sqg&export=download&confirm=t
tc-e5-trace	data/ta1-trace-3-e5-official-1.bin.42.gz		md5:6ecbff3d6c028e5329c7d0b008231f37	https://drive.usercontent.google.com/download?id=1p1ZOc4ekBGh6crfEs7hU9Kd2KiQa4a7q&export=download&confirm=t
tc-e5-trace	data/ta1-trace-3-e5-official-1.bin.43.gz		md5:c7b0fc76e6e36f1993d8fa42e3c81887	https://drive.usercontent.google.com/download?id=1y5Y1JGqdSGc9APubBIqSDkyB-4DZPfHv&export=download&confirm=t
tc-e5-trace	data/ta1-trace-3-e5-official-1.bin.44.gz		md5:466a3e25506ec58749ee00f3ceb3194e	https://drive.usercontent.google.com/download?id=18uexBHb0kM1ohPJYk6Gujsci8D9XelDG&export=download&confirm=t
tc-e5-trace	data/ta1-trace-3-e5-official-1.bin.45.gz		md5:2ed8d3ad691e3164e9b52ca668bcd427	https://drive.usercontent.google.com/download?id=1grQedqHsKFnGKR13DdnSe-d46gMuh6pD&export=download&confirm=t
tc-e5-trace	data/ta1-trace-3-e5-official-1.bin.46.gz		md5:72bcd61edd1053461cc0d258e9998217	https://drive.usercontent.google.com/download?id=1dAQrh_4ua1hCleX_RH-bYG5AOn_2S4WP&export=download&confirm=t
tc-e5-trace	data/ta1-trace-3-e5-official-1.bin.47.gz		md5:6a2da01270b60cfeb3b9ac9953a1ec54	https://drive.usercontent.google.com/download?id=1uzaruyaJa6mTKtxI3OSwygxfctyYwUFn&export=download&confirm=t
tc-e5-trace	data/ta1-trace-3-e5-official-1.bin.48.gz		md5:51087979a5a3974ceee6f109409d4ed1	https://drive.usercontent.google.com/download?id=1ADBLcQuvBn0DTR358eV7nx-uaJMSRb9T&export=download&confirm=t
tc-e5-trace	data/ta1-trace-3-e5-official-1.bin.49.gz		md5:e8939baed6d62cbacb7b892f40bcdbfc	https://drive.usercontent.google.com/download?id=1SVH9ISgcw08spAsT6pNJEmEZIBZQ6Bhc&export=download&confirm=t
tc-e5-trace	data/ta1-trace-3-e5-official-1.bin.5.gz		md5:cbb2a8353e3230546674f87116fd610d	https://drive.usercontent.google.com/download?id=1bCuq4Yko-dpeOvAUaAzVuIY1rSWGk8C7&export=download&confirm=t
tc-e5-trace	data/ta1-trace-3-e5-official-1.bin.50.gz		md5:1d77d9f7ab2e82ae6cca70da314b281c	https://drive.usercontent.google.com/download?id=1inKhGBvPd8-Bn3yCtPggYmeY3mTl3L7N&export=download&confirm=t
tc-e5-trace	data/ta1-trace-3-e5-official-1.bin.51.gz		md5:c6d447d76ed2ad51bd969cba3eedbd0f	https://drive.usercontent.google.com/download?id=1-YumX33bhYhbTKrw-sChMXd1xj2ozbQZ&export=download&confirm=t
tc-e5-trace	data/ta1-trace-3-e5-official-1.bin.52.gz		md5:5193948e379f3cb349ff5575294fe8b2	https://drive.usercontent.google.com/download?id=1aJ2VeHtNmFrkaUBWa7TQ3vbK-Ro8CpQY&export=download&confirm=t
tc-e5-trace	data/ta1-trace-3-e5-official-1.bin.53.gz		md5:dd278a17e8033be754e625109f5484b8	https://drive.usercontent.google.com/download?id=1sYuOwknvYGHmWN9e1NtAYJxX7lwRHQEw&export=download&confirm=t
tc-e5-trace	data/ta1-trace-3-e5-official-1.bin.54.gz		md5:3fb2301dc3f9a9a81b6fe46fc19ee9db	https://drive.usercontent.google.com/download?id=1zm6qNPTrglu6mpS6HlhTC_s4nWXMRUk-&export=download&confirm=t
tc-e5-trace	data/ta1-trace-3-e5-official-1.bin.55.gz		md5:02b686525b1aaf705f2d687483d725f1	https://drive.usercontent.google.com/download?id=12NGT6wa3MDs6znu_9yUgHEgdvAZLG1Ey&export=download&confirm=t
tc-e5-trace	data/ta1-trace-3-e5-official-1.bin.56.gz		md5:7929ddfb0cd5127c5b530fdfa189ac49	https://drive.usercontent.google.com/download?id=1kMuFvml9-3DXSvxsI6AFdlGx0184wI7e&export=download&confirm=t
tc-e5-trace	data/ta1-trace-3-e5-official-1.bin.57.gz		md5:67b672eefc7d41532b9940a7f1fa54b8	https://drive.usercontent.google.com/download?id=1u1JlPU1GSiyAlOFzgl1VLyV0J3u-TKqk&export=download&confirm=t
tc-e5-trace	data/ta1-trace-3-e5-official-1.bin.58.gz		md5:68c0f7c3f6dc71fe3e2865a7e1e7e4b3	https://drive.usercontent.google.com/download?id=1UaJjHBN27A5iAYSYBVBFoFWYpMeTMrXO&export=download&confirm=t
tc-e5-trace	data/ta1-trace-3-e5-official-1.bin.59.gz		md5:8f55aada6680abeb8b719648cf5f53aa	https://drive.usercontent.google.com/download?id=1j7poDDc09ukw2FSlsZgsHjECio0ert04&export=download&confirm=t
tc-e5-trace	data/ta1-trace-3-e5-official-1.bin.6.gz		md5:96fa4537752b31b4b331328c63562c1e	https://drive.usercontent.google.com/download?id=1eJsM3wnT2-UYFOe8e0jwpNj9IEfxaAsv&export=download&confirm=t
tc-e5-trace	data/ta1-trace-3-e5-official-1.bin.60.gz		md5:4b737ab39c25269f28b4cbd3b18f4ca7	https://drive.usercontent.google.com/download?id=1WBX2Afgyoa-eS3is3CrgFghPYpjzA76V&export=download&confirm=t
tc-e5-trace	data/ta1-trace-3-e5-official-1.bin.61.gz		md5:aac290f93587d7d7c5afbcd92fc2ced0	https://drive.usercontent.google.com/download?id=1hZUspKPTFe2R-gDIKx61BUtrI0tgklDI&export=download&confirm=t
tc-e5-trace	data/ta1-trace-3-e5-official-1.bin.62.gz		md5:37ad8816a9bc448676c370c0ece2d0c9	https://drive.usercontent.google.com/download?id=1Jw_xscCf0xRQLyTebuYL2aBGk43foGmD&export=download&confirm=t
tc-e5-trace	data/ta1-trace-3-e5-official-1.bin.63.gz		md5:36dce2fb51b525725e7d5a03bd334d86	https://drive.usercontent.google.com/download?id=1T2uXU0G3B0tFU0lc8acBOWX2x1BsSG-i&export=download&confirm=t
tc-e5-trace	data/ta1-trace-3-e5-official-1.bin.64.gz		md5:3d5ff39e6882f9da6a4a342e88b8f262	https://drive.usercontent.google.com/download?id=1gfZbnsay6p3f1TZvnidzzoc4rfczojD-&export=download&confirm=t
tc-e5-trace	data/ta1-trace-3-e5-official-1.bin.65.gz		md5:0dd7bd61c323cd8a49c71c031da0ffdd	https://drive.usercontent.google.com/download?id=1q2cI9fLbjqu1_vLwJH-V1Vc8NBbpUNIj&export=download&confirm=t
tc-e5-trace	data/ta1-trace-3-e5-official-1.bin.66.gz		md5:7b3bc0bc58e752e1c89c3704dc8d49c3	https://drive.usercontent.google.com/download?id=1RHIxfZvi6k7qLVeU7sIfvuUw4WP9q84_&export=download&confirm=t
tc-e5-trace	data/ta1-trace-3-e5-official-1.bin.67.gz		md5:4fe45fbb059e68a8ee4aa1ad5eb29a0a	https://drive.usercontent.google.com/download?id=19oH8EkyUGY7i4v42r9WNRa5DlZ3CrStt&export=download&confirm=t
tc-e5-trace	data/ta1-trace-3-e5-official-1.bin.68.gz		md5:757307be00b0fdeb621338084bd470dc	https://drive.usercontent.google.com/download?id=18443b8Qxm1X-79E9q5WHGh-pN7eibK3S&export=download&confirm=t
tc-e5-trace	data/ta1-trace-3-e5-official-1.bin.69.gz		md5:f5ba9d8804fa2ade802120f6dfd96340	https://drive.usercontent.google.com/download?id=1MSKxI8qJYMza5emcuUW8p8g3UuG_wWQ1&export=download&confirm=t
tc-e5-trace	data/ta1-trace-3-e5-official-1.bin.7.gz		md5:35fa9fb8c983fc0842af05a78c81934b	https://drive.usercontent.google.com/download?id=1RukaqFXELqx_v8-Vf7gDn4QuO9M2XjG0&export=download&confirm=t
tc-e5-trace	data/ta1-trace-3-e5-official-1.bin.70.gz		md5:5d8689c2a3264fafac4b248ae4365803	https://drive.usercontent.google.com/download?id=16o5BFPx2UFJXAiI1f36cxcWsQewxPWBB&export=download&confirm=t
tc-e5-trace	data/ta1-trace-3-e5-official-1.bin.71.gz		md5:538ef4e51a5d7dab616fc14bc8d06890	https://drive.usercontent.google.com/download?id=1Hdg1RzHRJ6M9_Dlep95miNJTSGBIboAg&export=download&confirm=t
tc-e5-trace	data/ta1-trace-3-e5-official-1.bin.72.gz		md5:da5e1b095fadb31b73df031ae5a6dd51	https://drive.usercontent.google.com/download?id=1WF6rh-T-DG2Gmjl6iu8XowJEKktQcXz-&export=download&confirm=t
tc-e5-trace	data/ta1-trace-3-e5-official-1.bin.73.gz		md5:cfac7d85ca457e00306d218ba3148e20	https://drive.usercontent.google.com/download?id=15zYTEzdZaN30Pjtgoh_oGguRV2fiTM1H&export=download&confirm=t
tc-e5-trace	data/ta1-trace-3-e5-official-1.bin.74.gz		md5:9c79a94b18f366650c80abe4e4a9235d	https://drive.usercontent.google.com/download?id=1j_jXcMdgVAtyKX5Io4a3BW24C_6p-5rh&export=download&confirm=t
tc-e5-trace	data/ta1-trace-3-e5-official-1.bin.75.gz		md5:e46315f503c2c758317d11aaa87c421f	https://drive.usercontent.google.com/download?id=1RnBtcZETgg9cgoII2lt29jbrt6rIjQEu&export=download&confirm=t
tc-e5-trace	data/ta1-trace-3-e5-official-1.bin.76.gz		md5:b1851df898fbbeae689ce6e4cd1fc1ad	https://drive.usercontent.google.com/download?id=1GKu-mOp1zoE74tUz_vzjzz2_4jSCMBM6&export=download&confirm=t
tc-e5-trace	data/ta1-trace-3-e5-official-1.bin.77.gz		md5:073f16ae990e46c1002fa8c1dcee57cf	https://drive.usercontent.google.com/download?id=1o3bf2bYl5q5lPd6CiMzN5BolK_HU_CCj&export=download&confirm=t
tc-e5-trace	data/ta1-trace-3-e5-official-1.bin.78.gz		md5:326fb884dd50296370c2a84c8a3ba74b	https://drive.usercontent.google.com/download?id=1wu_8o2EhorNMGItQQz67WZ-IH48DUnF-&export=download&confirm=t
tc-e5-trace	data/ta1-trace-3-e5-official-1.bin.79.gz		md5:9a226a052358ab1c88dc4886d812834b	https://drive.usercontent.google.com/download?id=1uz4sSt3y6QaozNcqSWOp7rNILHTg6hV7&export=download&confirm=t
tc-e5-trace	data/ta1-trace-3-e5-official-1.bin.8.gz		md5:9b17e6badacd520d0445af9714ab0507	https://drive.usercontent.google.com/download?id=1k1Ia8_K3PX4tEBLaPliSQde5aLzkXtsz&export=download&confirm=t
tc-e5-trace	data/ta1-trace-3-e5-official-1.bin.80.gz		md5:058d033a6bf220bd4ed374bbe47b07d5	https://drive.usercontent.google.com/download?id=1ha7HmzmO3zchUbah9QiNIGmlV7wWt2mf&export=download&confirm=t
tc-e5-trace	data/ta1-trace-3-e5-official-1.bin.81.gz		md5:632c8a941d37fab84a1a95375484f265	https://drive.usercontent.google.com/download?id=1oVJlWYRmJwbYi8zq1cfZ8QXR3uftte_A&export=download&confirm=t
tc-e5-trace	data/ta1-trace-3-e5-official-1.bin.82.gz		md5:dce5dbbd223062923baa2e5912d8151e	https://drive.usercontent.google.com/download?id=1j6yeu-UNHHpWUAMGe2rb5GUcEzfg6bJ9&export=download&confirm=t
tc-e5-trace	data/ta1-trace-3-e5-official-1.bin.83.gz		md5:1b10f51415354f92cb17b5f1b30b0a76	https://drive.usercontent.google.com/download?id=1cdAVEvuglwXQZPklvH4m1ckXxUYudldO&export=download&confirm=t
tc-e5-trace	data/ta1-trace-3-e5-official-1.bin.84.gz		md5:ef00d37d6796da699f6f94f04ad2f501	https://drive.usercontent.google.com/download?id=1x3cJlrGVtwVj4_Nne0_2r20R5GwZClTW&export=download&confirm=t
tc-e5-trace	data/ta1-trace-3-e5-official-1.bin.85.gz		md5:3babd8d1fbc4300a388cda7cdb9a0524	https://drive.usercontent.google.com/download?id=1qwBbKSLerTkp1BexAGfZ5-QVov1tx-ZN&export=download&confirm=t
tc-e5-trace	data/ta1-trace-3-e5-official-1.bin.86.gz		md5:06be6c6d22b53adc590b71812483f29a	https://drive.usercontent.google.com/download?id=1RE2QNVEoCi9wdqa3c0rJswpr88nm1bT7&export=download&confirm=t
tc-e5-trace	data/ta1-trace-3-e5-official-1.bin.87.gz		md5:dbdb57ed542c3c56fe7e6557a88bd29b	https://drive.usercontent.google.com/download?id=1c06KVVl9LEWkQ-mOlyLRaVxfxhh4Wnsc&export=download&confirm=t
tc-e5-trace	data/ta1-trace-3-e5-official-1.bin.88.gz		md5:999a8d72d0cab7ceb13452baec388632	https://drive.usercontent.google.com/download?id=1bM0nOECKmXMGU3ibx_GSj9w3CrT6E5kI&export=download&confirm=t
tc-e5-trace	data/ta1-trace-3-e5-official-1.bin.89.gz		md5:4f09191ce38003417b790dfacbecac47	https://drive.usercontent.google.com/download?id=1vzPgu2Tn7n-FNOkO5rcBjVwL3LIfKith&export=download&confirm=t
tc-e5-trace	data/ta1-trace-3-e5-official-1.bin.9.gz		md5:52e6a700575a8f57e8506fabdc4485f0	https://drive.usercontent.google.com/download?id=1sMajR0CdrujAo3QXvN0WKLXWi0_zagFr&export=download&confirm=t
tc-e5-trace	data/ta1-trace-3-e5-official-1.bin.90.gz		md5:13396bdff2240ba33f6b0cdb0343d403	https://drive.usercontent.google.com/download?id=1T4DJE7791DRyEgeBjgxnqKDIBcHTPp4A&export=download&confirm=t
tc-e5-trace	data/ta1-trace-3-e5-official-1.bin.91.gz		md5:7e8a8b8afcb22c0e42ddc3963dc01378	https://drive.usercontent.google.com/download?id=1Umf4IQ0eaLj4N7aXe_1PCab4tTcjuGFJ&export=download&confirm=t
tc-e5-trace	data/ta1-trace-3-e5-official-1.bin.92.gz		md5:a7ecb0a3831ec79e7875e5da1a728c82	https://drive.usercontent.google.com/download?id=180re_R0pYuf_ysIeDlHhAairn-HwbAzd&export=download&confirm=t
tc-e5-trace	data/ta1-trace-3-e5-official-1.bin.93.gz		md5:7d1af837746d1c77cdf60f3a2c0a2df5	https://drive.usercontent.google.com/download?id=1h0ijZEa8k4sOQrzjUyuzVNajmK2IALM3&export=download&confirm=t
tc-e5-trace	data/ta1-trace-3-e5-official-1.bin.94.gz		md5:d78aece94d621e676fb3c05b76b1ed5c	https://drive.usercontent.google.com/download?id=1W3L8Q6wpHwervE-Lvk_eR-0V4qNej1EN&export=download&confirm=t
tc-e5-trace	data/ta1-trace-3-e5-official-1.bin.95.gz		md5:7981ab2e20ee1925b755e9e6dccac44f	https://drive.usercontent.google.com/download?id=1dtie2YvwDih5gC9eBue3hc9fJoMMe6dA&export=download&confirm=t
tc-e5-trace	data/ta1-trace-3-e5-official-1.bin.96.gz		md5:eb6f116bdfc361920e80998f61192c51	https://drive.usercontent.google.com/download?id=1WGmXuCFEe8XIKxIpgARlBrnTqzB0H2mI&export=download&confirm=t
tc-e5-trace	data/ta1-trace-3-e5-official-1.bin.97.gz		md5:1dfec6c4ee0879b447efb3a7e9364905	https://drive.usercontent.google.com/download?id=1fH_pqYMKBcGRH-aU9RBolSBTgcohEZOK&export=download&confirm=t
tc-e5-trace	data/ta1-trace-3-e5-official-1.bin.98.gz		md5:18b892f696fe8e1b88bbaeb24972f550	https://drive.usercontent.google.com/download?id=1BqTgbBgojsLz8yT75Y0CHlOclgzewVMg&export=download&confirm=t
tc-e5-trace	data/ta1-trace-3-e5-official-1.bin.99.gz		md5:43c7acd24b671988316e9d27096ba9a4	https://drive.usercontent.google.com/download?id=1BX_O94vsF9sG_5HBH3udLAF_OK9cX3gD&export=download&confirm=t
tc-e5-trace	data/ta1-trace-3-e5-official-1.bin.gz		md5:4174ad40c7d245c2a4d9fa931a7837c9	https://drive.usercontent.google.com/download?id=1wVTJI5Q99G40vp1TI6t57cuRYw0WzXgv&export=download&confirm=t
